name,owner,url,stars,created_at
JavaGuide,Snailclimb,https://github.com/Snailclimb/JavaGuide,151713,2018-05-07T13:27:00Z
hello-algo,krahets,https://github.com/krahets/hello-algo,116578,2022-11-04T11:08:34Z
GitHub-Chinese-Top-Charts,GrowingGit,https://github.com/GrowingGit/GitHub-Chinese-Top-Charts,102123,2019-09-05T03:01:56Z
java-design-patterns,iluwatar,https://github.com/iluwatar/java-design-patterns,92655,2014-08-09T16:45:18Z
mall,macrozheng,https://github.com/macrozheng/mall,81561,2018-04-04T01:11:44Z
spring-boot,spring-projects,https://github.com/spring-projects/spring-boot,78368,2012-10-19T15:02:57Z
advanced-java,doocs,https://github.com/doocs/advanced-java,78224,2018-10-06T11:38:30Z
LeetCodeAnimation,MisterBooo,https://github.com/MisterBooo/LeetCodeAnimation,76444,2018-12-06T08:01:22Z
elasticsearch,elastic,https://github.com/elastic/elasticsearch,73777,2010-02-08T13:20:56Z
Stirling-PDF,Stirling-Tools,https://github.com/Stirling-Tools/Stirling-PDF,67115,2023-01-27T18:22:42Z
interviews,kdn251,https://github.com/kdn251/interviews,64458,2017-02-14T18:19:25Z
Java,TheAlgorithms,https://github.com/TheAlgorithms/Java,63350,2016-07-16T10:21:02Z
ghidra,NationalSecurityAgency,https://github.com/NationalSecurityAgency/ghidra,60418,2019-03-01T03:27:48Z
spring-framework,spring-projects,https://github.com/spring-projects/spring-framework,58828,2010-12-08T04:04:45Z
guava,google,https://github.com/google/guava,51097,2014-05-29T16:23:17Z
RxJava,ReactiveX,https://github.com/ReactiveX/RxJava,48319,2013-01-08T20:11:48Z
jadx,skylot,https://github.com/skylot/jadx,45459,2013-03-18T17:08:21Z
dbeaver,dbeaver,https://github.com/dbeaver/dbeaver,45367,2015-10-21T08:26:28Z
termux-app,termux,https://github.com/termux/termux-app,45000,2015-10-23T09:42:46Z
JeecgBoot,jeecgboot,https://github.com/jeecgboot/JeecgBoot,43848,2018-11-26T10:40:00Z
dubbo,apache,https://github.com/apache/dubbo,41340,2012-06-19T07:56:02Z
MPAndroidChart,PhilJay,https://github.com/PhilJay/MPAndroidChart,38107,2014-04-25T14:29:47Z
tutorials,eugenp,https://github.com/eugenp/tutorials,37255,2013-04-29T18:26:36Z
halo,halo-dev,https://github.com/halo-dev/halo,36900,2018-03-21T12:56:52Z
arthas,alibaba,https://github.com/alibaba/arthas,36711,2018-08-29T17:15:57Z
hello-algorithm,geekxh,https://github.com/geekxh/hello-algorithm,35770,2020-05-29T05:47:09Z
lottie-android,airbnb,https://github.com/airbnb/lottie-android,35468,2016-10-06T22:42:42Z
NewPipe,TeamNewPipe,https://github.com/TeamNewPipe/NewPipe,35057,2015-09-03T23:39:26Z
glide,bumptech,https://github.com/bumptech/glide,34948,2013-07-08T22:52:33Z
leetcode,doocs,https://github.com/doocs/leetcode,34938,2018-09-16T14:03:03Z
netty,netty,https://github.com/netty/netty,34430,2010-11-09T09:22:21Z
spring-boot-demo,xkcoding,https://github.com/xkcoding/spring-boot-demo,33905,2017-11-10T06:27:29Z
AndroidUtilCode,Blankj,https://github.com/Blankj/AndroidUtilCode,33642,2016-07-30T18:18:32Z
easyexcel,alibaba,https://github.com/alibaba/easyexcel,33618,2018-02-06T03:14:08Z
zxing,zxing,https://github.com/zxing/zxing,33584,2011-10-12T14:07:27Z
ruoyi-vue-pro,YunaiV,https://github.com/YunaiV/ruoyi-vue-pro,33193,2021-01-24T03:18:25Z
selenium,SeleniumHQ,https://github.com/SeleniumHQ/selenium,33179,2013-01-14T21:40:56Z
nacos,alibaba,https://github.com/alibaba/nacos,32037,2018-06-15T06:49:27Z
WxJava,binarywang,https://github.com/binarywang/WxJava,31892,2016-01-06T08:24:05Z
kafka,apache,https://github.com/apache/kafka,30887,2011-08-15T18:06:16Z
spring-boot-examples,ityouknow,https://github.com/ityouknow/spring-boot-examples,30602,2016-11-05T05:32:33Z
hutool,chinabugotech,https://github.com/chinabugotech/hutool,30068,2014-04-13T07:23:51Z
apollo,apolloconfig,https://github.com/apolloconfig/apollo,29654,2016-03-04T10:24:23Z
keycloak,keycloak,https://github.com/keycloak/keycloak,29556,2013-07-02T13:38:51Z
canal,alibaba,https://github.com/alibaba/canal,29364,2013-01-13T10:59:52Z
xxl-job,xuxueli,https://github.com/xuxueli/xxl-job,29292,2015-11-28T12:59:34Z
conductor,conductor-oss,https://github.com/conductor-oss/conductor,29010,2023-12-08T06:06:09Z
SpringAll,wuyouzhuguli,https://github.com/wuyouzhuguli/SpringAll,28957,2018-05-02T02:48:44Z
spring-cloud-alibaba,alibaba,https://github.com/alibaba/spring-cloud-alibaba,28755,2017-12-01T20:49:15Z
druid,alibaba,https://github.com/alibaba/druid,28194,2011-11-03T05:12:51Z
vhr,lenve,https://github.com/lenve/vhr,27942,2018-01-04T08:57:51Z
Telegram,DrKLO,https://github.com/DrKLO/Telegram,27528,2013-10-25T14:08:10Z
JCSprout,crossoverJie,https://github.com/crossoverJie/JCSprout,27071,2017-12-17T09:06:50Z
miaosha,qiurunze123,https://github.com/qiurunze123/miaosha,26508,2018-09-14T04:36:24Z
awesome-system-design-resources,ashishps1,https://github.com/ashishps1/awesome-system-design-resources,25941,2023-10-25T01:50:42Z
incubator-seata,apache,https://github.com/apache/incubator-seata,25795,2018-12-28T08:37:22Z
fastjson,alibaba,https://github.com/alibaba/fastjson,25751,2011-11-03T06:58:52Z
butterknife,JakeWharton,https://github.com/JakeWharton/butterknife,25485,2013-03-05T08:18:59Z
toBeTopJavaer,hollischuang,https://github.com/hollischuang/toBeTopJavaer,25466,2018-10-25T09:54:54Z
flink,apache,https://github.com/apache/flink,25253,2014-06-07T07:00:10Z
SmartRefreshLayout,scwang90,https://github.com/scwang90/SmartRefreshLayout,25152,2017-06-02T09:52:50Z
proxyee-down,proxyee-down-org,https://github.com/proxyee-down-org/proxyee-down,24869,2017-10-25T10:07:27Z
openapi-generator,OpenAPITools,https://github.com/OpenAPITools/openapi-generator,24815,2018-05-12T09:57:56Z
Mindustry,Anuken,https://github.com/Anuken/Mindustry,24803,2017-04-30T01:24:29Z
EventBus,greenrobot,https://github.com/greenrobot/EventBus,24764,2012-07-16T16:55:40Z
bazel,bazelbuild,https://github.com/bazelbuild/bazel,24553,2014-06-12T16:00:38Z
skywalking,apache,https://github.com/apache/skywalking,24520,2015-11-07T03:30:36Z
SmartTube,yuliskov,https://github.com/yuliskov/SmartTube,24441,2020-07-28T12:53:52Z
jenkins,jenkinsci,https://github.com/jenkinsci/jenkins,24427,2010-11-22T21:21:23Z
Hystrix,Netflix,https://github.com/Netflix/Hystrix,24396,2012-11-19T20:14:46Z
libgdx,libgdx,https://github.com/libgdx/libgdx,24338,2012-08-10T19:34:38Z
Chat2DB,CodePhiliaX,https://github.com/CodePhiliaX/Chat2DB,24239,2023-06-20T14:05:26Z
gson,google,https://github.com/google/gson,24038,2015-03-19T18:21:20Z
redisson,redisson,https://github.com/redisson/redisson,24025,2014-01-11T14:06:25Z
source-code-hunter,doocs,https://github.com/doocs/source-code-hunter,22951,2019-10-28T01:35:10Z
Sentinel,alibaba,https://github.com/alibaba/Sentinel,22901,2018-04-04T06:37:33Z
Apktool,iBotPeaches,https://github.com/iBotPeaches/Apktool,22895,2012-03-19T17:46:53Z
FizzBuzzEnterpriseEdition,EnterpriseQualityCoding,https://github.com/EnterpriseQualityCoding/FizzBuzzEnterpriseEdition,22777,2012-11-24T00:14:41Z
rocketmq,apache,https://github.com/apache/rocketmq,22092,2016-11-30T08:00:08Z
ExoPlayer,google,https://github.com/google/ExoPlayer,21877,2014-06-13T21:19:18Z
dataease,dataease,https://github.com/dataease/dataease,21838,2021-02-02T04:10:21Z
eladmin,elunez,https://github.com/elunez/eladmin,21785,2018-12-14T08:54:24Z
jdk,openjdk,https://github.com/openjdk/jdk,21690,2018-09-17T12:29:20Z
LSPosed,LSPosed,https://github.com/LSPosed/LSPosed,21531,2020-12-12T08:39:37Z
kestra,kestra-io,https://github.com/kestra-io/kestra,21143,2019-08-24T13:56:15Z
graal,oracle,https://github.com/oracle/graal,21085,2016-01-14T17:11:35Z
GSYVideoPlayer,CarGuo,https://github.com/CarGuo/GSYVideoPlayer,21083,2016-11-13T12:34:31Z
HikariCP,brettwooldridge,https://github.com/brettwooldridge/HikariCP,20710,2013-10-08T05:43:03Z
DSA-Bootcamp-Java,kunal-kushwaha,https://github.com/kunal-kushwaha/DSA-Bootcamp-Java,20636,2021-07-30T12:23:25Z
shardingsphere,apache,https://github.com/apache/shardingsphere,20446,2016-01-18T12:49:26Z
DoKit,didi,https://github.com/didi/DoKit,20387,2018-08-14T10:32:07Z
mybatis-3,mybatis,https://github.com/mybatis/mybatis-3,20229,2013-02-14T19:03:32Z
RxAndroid,ReactiveX,https://github.com/ReactiveX/RxAndroid,20067,2014-08-19T03:46:38Z
litemall,linlinjava,https://github.com/linlinjava/litemall,19911,2018-03-22T16:42:30Z
SpringBoot-Labs,yudaocode,https://github.com/yudaocode/SpringBoot-Labs,19860,2018-09-12T14:51:46Z
thingsboard,thingsboard,https://github.com/thingsboard/thingsboard,19686,2016-12-01T09:33:30Z
Ehviewer_CN_SXJ,xiaojieonly,https://github.com/xiaojieonly/Ehviewer_CN_SXJ,19655,2020-11-09T06:14:31Z
cat,dianping,https://github.com/dianping/cat,18931,2012-12-05T02:31:48Z
PhotoView,Baseflow,https://github.com/Baseflow/PhotoView,18871,2012-07-17T16:39:00Z
intellij-community,JetBrains,https://github.com/JetBrains/intellij-community,18771,2011-09-30T13:33:05Z
antlr4,antlr,https://github.com/antlr/antlr4,18330,2010-02-04T01:36:28Z
Algorithms,williamfiset,https://github.com/williamfiset/Algorithms,18216,2017-03-18T02:50:46Z
APIJSON,Tencent,https://github.com/Tencent/APIJSON,18190,2016-11-21T12:03:29Z
Sa-Token,dromara,https://github.com/dromara/Sa-Token,18153,2020-02-03T10:34:29Z
ip2region,lionsoul2014,https://github.com/lionsoul2014/ip2region,18142,2015-11-02T00:43:13Z
disruptor,LMAX-Exchange,https://github.com/LMAX-Exchange/disruptor,17980,2012-09-21T13:42:24Z
SpringCloudLearning,forezp,https://github.com/forezp/SpringCloudLearning,17974,2017-04-08T10:06:56Z
awesome-low-level-design,ashishps1,https://github.com/ashishps1/awesome-low-level-design,17903,2023-11-17T10:15:12Z
yudao-cloud,YunaiV,https://github.com/YunaiV/yudao-cloud,17849,2019-05-02T16:06:49Z
tinker,Tencent,https://github.com/Tencent/tinker,17543,2016-09-06T06:57:52Z
zipkin,openzipkin,https://github.com/openzipkin/zipkin,17303,2012-06-06T18:26:16Z
analysis-ik,infinilabs,https://github.com/infinilabs/analysis-ik,17210,2011-12-16T09:01:45Z
JustAuth,justauth,https://github.com/justauth/JustAuth,17184,2019-01-31T09:42:20Z
fresco,facebook,https://github.com/facebook/fresco,17139,2015-03-02T09:58:04Z
mybatis-plus,baomidou,https://github.com/baomidou/mybatis-plus,17101,2016-08-18T10:06:53Z
caffeine,ben-manes,https://github.com/ben-manes/caffeine,17030,2014-12-13T08:45:11Z
material-components-android,material-components,https://github.com/material-components/material-components-android,16951,2016-12-05T16:11:29Z
Android-Universal-Image-Loader,nostra13,https://github.com/nostra13/Android-Universal-Image-Loader,16923,2011-11-27T18:48:23Z
DataX,alibaba,https://github.com/alibaba/DataX,16798,2018-01-18T10:09:47Z
java8-tutorial,winterbe,https://github.com/winterbe/java8-tutorial,16780,2014-03-16T17:25:43Z
zheng,shuzheng,https://github.com/shuzheng/zheng,16730,2016-10-04T10:07:06Z
Grasscutter,Grasscutters,https://github.com/Grasscutters/Grasscutter,16664,2022-04-17T12:43:46Z
BigData-Notes,heibaiying,https://github.com/heibaiying/BigData-Notes,16645,2019-03-10T01:40:01Z
springboot-learning-example,JeffLi1993,https://github.com/JeffLi1993/springboot-learning-example,16556,2017-02-06T07:02:25Z
tech-interview-for-developer,gyoogle,https://github.com/gyoogle/tech-interview-for-developer,16511,2019-06-09T04:42:57Z
presto,prestodb,https://github.com/prestodb/presto,16498,2012-08-09T01:03:37Z
questdb,questdb,https://github.com/questdb/questdb,16085,2014-04-28T23:29:15Z
VirtualXposed,android-hacker,https://github.com/android-hacker/VirtualXposed,15824,2017-12-01T09:00:58Z
SpringBoot-Learning,dyc87112,https://github.com/dyc87112/SpringBoot-Learning,15791,2016-08-21T03:39:06Z
Android-CleanArchitecture,android10,https://github.com/android10/Android-CleanArchitecture,15563,2014-08-19T14:09:26Z
mockito,mockito,https://github.com/mockito/mockito,15273,2012-10-13T20:27:12Z
hadoop,apache,https://github.com/apache/hadoop,15257,2014-08-28T07:00:08Z
bytecode-viewer,Konloch,https://github.com/Konloch/bytecode-viewer,15212,2014-10-14T10:26:46Z
neo4j,neo4j,https://github.com/neo4j/neo4j,15054,2012-11-12T08:46:15Z
quarkus,quarkusio,https://github.com/quarkusio/quarkus,14960,2018-07-06T00:44:20Z
flink-learning,zhisheng17,https://github.com/zhisheng17/flink-learning,14927,2019-01-01T07:38:28Z
pulsar,apache,https://github.com/apache/pulsar,14845,2016-06-28T07:00:03Z
jd-gui,java-decompiler,https://github.com/java-decompiler/jd-gui,14733,2015-03-25T05:28:41Z
logstash,elastic,https://github.com/elastic/logstash,14631,2010-11-18T01:31:50Z
vert.x,eclipse-vertx,https://github.com/eclipse-vertx/vert.x,14566,2011-06-17T14:54:55Z
CircleImageView,hdodenhof,https://github.com/hdodenhof/CircleImageView,14535,2014-01-17T16:44:46Z
QMUI_Android,Tencent,https://github.com/Tencent/QMUI_Android,14513,2017-04-21T10:03:18Z
supertokens-core,supertokens,https://github.com/supertokens/supertokens-core,14508,2020-01-05T13:30:52Z
ARouter,alibaba,https://github.com/alibaba/ARouter,14491,2016-12-14T01:27:49Z
Arduino,arduino,https://github.com/arduino/Arduino,14422,2010-09-17T19:10:36Z
doris,apache,https://github.com/apache/doris,14262,2017-08-10T12:13:30Z
onedev,theonedev,https://github.com/theonedev/onedev,14250,2018-11-06T02:57:01Z
deeplearning4j,deeplearning4j,https://github.com/deeplearning4j/deeplearning4j,14097,2013-11-27T02:03:28Z
zaproxy,zaproxy,https://github.com/zaproxy/zaproxy,14085,2015-06-03T16:55:01Z
jib,GoogleContainerTools,https://github.com/GoogleContainerTools/jib,14016,2018-01-22T18:30:43Z
zuul,Netflix,https://github.com/Netflix/zuul,13887,2013-03-13T18:53:57Z
logger,orhanobut,https://github.com/orhanobut/logger,13887,2015-03-20T22:30:12Z
dolphinscheduler,apache,https://github.com/apache/dolphinscheduler,13827,2019-03-01T16:39:25Z
druid,apache,https://github.com/apache/druid,13824,2012-10-23T19:08:07Z
spring-analysis,seaswalker,https://github.com/seaswalker/spring-analysis,13728,2016-09-09T07:46:32Z
pinpoint,pinpoint-apm,https://github.com/pinpoint-apm/pinpoint,13712,2014-10-20T09:27:22Z
Java,DuGuQiuBai,https://github.com/DuGuQiuBai/Java,13697,2015-11-25T07:30:08Z
piggymetrics,sqshq,https://github.com/sqshq/piggymetrics,13694,2015-03-29T17:56:31Z
AndroidAutoSize,JessYanCoding,https://github.com/JessYanCoding/AndroidAutoSize,13692,2018-08-17T09:04:19Z
Luban,Curzibn,https://github.com/Curzibn/Luban,13674,2016-07-24T07:43:21Z
Material-Animations,lgvalle,https://github.com/lgvalle/Material-Animations,13647,2015-03-08T20:54:00Z
cryptomator,cryptomator,https://github.com/cryptomator/cryptomator,13607,2014-02-02T00:43:47Z
mit-deep-learning-book-pdf,janishar,https://github.com/janishar/mit-deep-learning-book-pdf,13585,2017-04-07T10:46:50Z
languagetool,languagetool-org,https://github.com/languagetool-org/languagetool,13564,2013-08-08T16:37:22Z
tink,tink-crypto,https://github.com/tink-crypto/tink,13555,2014-06-06T16:21:09Z
PictureSelector,LuckSiege,https://github.com/LuckSiege/PictureSelector,13544,2017-01-04T07:47:39Z
Android-PickerView,Bigkoo,https://github.com/Bigkoo/Android-PickerView,13480,2014-12-28T01:46:38Z
kkFileView,kekingcn,https://github.com/kekingcn/kkFileView,13308,2017-12-12T11:41:08Z
lombok,projectlombok,https://github.com/projectlombok/lombok,13270,2009-06-08T19:46:41Z
mall-learning,macrozheng,https://github.com/macrozheng/mall-learning,13250,2019-04-12T13:20:31Z
banner,youth5201314,https://github.com/youth5201314/banner,13036,2016-04-22T05:50:25Z
awesome-leetcode-resources,ashishps1,https://github.com/ashishps1/awesome-leetcode-resources,12934,2023-10-25T01:48:19Z
dex2jar,pxb1988,https://github.com/pxb1988/dex2jar,12903,2015-03-16T09:13:07Z
conductor,Netflix,https://github.com/Netflix/conductor,12775,2016-12-07T22:48:42Z
stetho,facebook,https://github.com/facebook/stetho,12708,2015-01-22T22:34:10Z
spring-boot-admin,codecentric,https://github.com/codecentric/spring-boot-admin,12686,2014-07-25T11:39:13Z
guice,google,https://github.com/google/guice,12674,2014-05-28T23:18:53Z
COLA,alibaba,https://github.com/alibaba/COLA,12651,2018-02-06T13:46:27Z
greenDAO,greenrobot,https://github.com/greenrobot/greenDAO,12627,2011-10-22T16:15:14Z
eureka,Netflix,https://github.com/Netflix/eureka,12622,2012-07-26T22:23:07Z
mall-swarm,macrozheng,https://github.com/macrozheng/mall-swarm,12602,2019-11-25T06:55:31Z
zookeeper,apache,https://github.com/apache/zookeeper,12596,2009-03-27T15:41:56Z
Matisse,zhihu,https://github.com/zhihu/Matisse,12566,2017-04-13T01:31:05Z
AndroidViewAnimations,daimajia,https://github.com/daimajia/AndroidViewAnimations,12471,2014-06-23T03:53:13Z
metersphere,metersphere,https://github.com/metersphere/metersphere,12460,2020-02-03T02:06:12Z
AndroidSwipeLayout,daimajia,https://github.com/daimajia/AndroidSwipeLayout,12408,2014-08-25T04:09:33Z
Mybatis-PageHelper,pagehelper,https://github.com/pagehelper/Mybatis-PageHelper,12339,2014-06-09T15:32:30Z
jedis,redis,https://github.com/redis/jedis,12150,2010-06-11T13:04:43Z
android-interview-questions,amitshekhariitbhu,https://github.com/amitshekhariitbhu/android-interview-questions,12071,2017-07-09T18:47:24Z
plantuml,plantuml,https://github.com/plantuml/plantuml,12063,2010-11-04T15:55:50Z
uCrop,Yalantis,https://github.com/Yalantis/uCrop,12041,2016-01-05T13:41:06Z
matrix,Tencent,https://github.com/Tencent/matrix,11901,2018-12-11T07:08:02Z
VasSonic,Tencent,https://github.com/Tencent/VasSonic,11871,2017-08-01T08:35:13Z
trino,trinodb,https://github.com/trinodb/trino,11862,2019-01-19T06:38:14Z
xManager,Team-xManager,https://github.com/Team-xManager/xManager,11844,2021-02-08T11:31:10Z
grpc-java,grpc,https://github.com/grpc/grpc-java,11841,2014-12-08T19:00:00Z
debezium,debezium,https://github.com/debezium/debezium,11828,2016-01-22T20:17:05Z
fullstack-tutorial,frank-lam,https://github.com/frank-lam/fullstack-tutorial,11679,2018-04-13T01:50:10Z
webmagic,code4craft,https://github.com/code4craft/webmagic,11626,2013-04-23T12:57:36Z
xpipe,xpipe-io,https://github.com/xpipe-io/xpipe,11599,2023-01-27T02:25:38Z
OpenSearch,opensearch-project,https://github.com/opensearch-project/OpenSearch,11538,2021-01-29T22:10:00Z
OpenRefine,OpenRefine,https://github.com/OpenRefine/OpenRefine,11506,2012-10-15T02:22:48Z
realm-java,realm,https://github.com/realm/realm-java,11483,2012-04-20T09:18:42Z
CtCI-6th-Edition,careercup,https://github.com/careercup/CtCI-6th-Edition,11458,2015-07-02T06:28:46Z
ImmersionBar,gyf-dev,https://github.com/gyf-dev/ImmersionBar,11451,2017-04-19T05:10:09Z
Paper,PaperMC,https://github.com/PaperMC/Paper,11402,2016-01-22T05:40:19Z
newbee-mall,newbee-ltd,https://github.com/newbee-ltd/newbee-mall,11391,2019-09-21T03:56:04Z
kafka-ui,provectus,https://github.com/provectus/kafka-ui,11282,2019-11-26T15:55:55Z
jsoup,jhy,https://github.com/jhy/jsoup,11242,2009-12-19T01:29:58Z
PermissionsDispatcher,permissions-dispatcher,https://github.com/permissions-dispatcher/PermissionsDispatcher,11231,2015-08-15T21:41:05Z
interview,mission-peace,https://github.com/mission-peace/interview,11210,2014-07-20T21:27:31Z
cas,apereo,https://github.com/apereo/cas,11194,2011-09-09T01:36:42Z
FlycoTabLayout,H07000223,https://github.com/H07000223/FlycoTabLayout,11120,2015-11-09T01:53:19Z
SmarterStreaming,daniulive,https://github.com/daniulive/SmarterStreaming,11112,2016-03-26T14:46:02Z
Aegis,beemdevelopment,https://github.com/beemdevelopment/Aegis,11111,2016-08-15T19:10:31Z
FileDownloader,lingochamp,https://github.com/lingochamp/FileDownloader,11111,2015-12-22T11:17:16Z
lawnchair,LawnchairLauncher,https://github.com/LawnchairLauncher/lawnchair,11074,2017-03-03T13:12:58Z
SlidingMenu,jfeinstein10,https://github.com/jfeinstein10/SlidingMenu,11046,2012-06-30T05:14:23Z
androidannotations,androidannotations,https://github.com/androidannotations/androidannotations,11038,2012-01-06T08:48:03Z
datahub,datahub-project,https://github.com/datahub-project/datahub,11020,2015-11-18T05:47:40Z
jvm,doocs,https://github.com/doocs/jvm,10968,2018-06-23T01:12:59Z
spider-flow,ssssssss-team,https://github.com/ssssssss-team/spider-flow,10903,2020-03-27T11:07:15Z
GmsCore,microg,https://github.com/microg/GmsCore,10892,2014-04-23T19:28:47Z
javapoet,square,https://github.com/square/javapoet,10869,2013-02-01T16:56:30Z
pkl,apple,https://github.com/apple/pkl,10851,2024-01-19T17:28:45Z
jjwt,jwtk,https://github.com/jwtk/jjwt,10842,2014-09-13T01:06:24Z
vlayout,alibaba,https://github.com/alibaba/vlayout,10771,2017-02-27T08:11:47Z
platform_frameworks_base,aosp-mirror,https://github.com/aosp-mirror/platform_frameworks_base,10768,2008-10-21T18:20:37Z
VirtualApp,asLody,https://github.com/asLody/VirtualApp,10750,2016-07-06T13:25:23Z
Java-WebSocket,TooTallNate,https://github.com/TooTallNate/Java-WebSocket,10734,2010-01-20T23:33:04Z
clojure,clojure,https://github.com/clojure/clojure,10715,2010-06-29T20:03:33Z
starrocks,StarRocks,https://github.com/StarRocks/starrocks,10651,2021-09-04T02:29:35Z
android-async-http,android-async-http,https://github.com/android-async-http/android-async-http,10632,2011-02-20T03:25:07Z
okhttp-OkGo,jeasonlzy,https://github.com/jeasonlzy/okhttp-OkGo,10604,2016-01-15T10:35:24Z
auto,google,https://github.com/google/auto,10520,2013-05-22T21:41:56Z
JiaoZiVideoPlayer,lipangit,https://github.com/lipangit/JiaoZiVideoPlayer,10492,2016-02-06T11:04:24Z
RxPermissions,tbruyelle,https://github.com/tbruyelle/RxPermissions,10481,2015-09-29T13:55:09Z
Activiti,Activiti,https://github.com/Activiti/Activiti,10423,2012-09-13T11:34:43Z
zfile,zfile-dev,https://github.com/zfile-dev/zfile,10382,2019-08-19T13:57:56Z
resilience4j,resilience4j,https://github.com/resilience4j/resilience4j,10361,2015-06-03T09:21:01Z
MVPArms,JessYanCoding,https://github.com/JessYanCoding/MVPArms,10289,2016-08-06T08:49:56Z
aws-doc-sdk-examples,awsdocs,https://github.com/awsdocs/aws-doc-sdk-examples,10200,2016-08-18T19:06:57Z
ViewPagerIndicator,JakeWharton,https://github.com/JakeWharton/ViewPagerIndicator,10106,2011-08-04T17:13:44Z
Signal-Server,signalapp,https://github.com/signalapp/Signal-Server,10064,2013-12-09T07:10:36Z
CoreNLP,stanfordnlp,https://github.com/stanfordnlp/CoreNLP,9966,2013-06-27T21:13:49Z
glide-transformations,wasabeef,https://github.com/wasabeef/glide-transformations,9927,2015-01-09T10:33:29Z
easypermissions,googlesamples,https://github.com/googlesamples/easypermissions,9917,2015-12-22T18:05:53Z
paascloud-master,paascloud,https://github.com/paascloud/paascloud-master,9896,2018-03-17T05:40:43Z
JsBridge,uknownothingsnow,https://github.com/uknownothingsnow/JsBridge,9889,2015-02-26T12:10:58Z
sonarqube,SonarSource,https://github.com/SonarSource/sonarqube,9879,2011-01-05T11:05:17Z
MagicIndicator,hackware1993,https://github.com/hackware1993/MagicIndicator,9803,2016-06-26T08:20:43Z
AVLoadingIndicatorView,HarlonWang,https://github.com/HarlonWang/AVLoadingIndicatorView,9771,2015-10-24T20:18:33Z
feign,OpenFeign,https://github.com/OpenFeign/feign,9735,2013-06-26T23:28:16Z
Fragmentation,YoKeyword,https://github.com/YoKeyword/Fragmentation,9723,2016-02-23T08:54:55Z
spring-reading,xuchengsheng,https://github.com/xuchengsheng/spring-reading,9701,2023-09-15T06:42:44Z
spring-boot-api-project-seed,lihengming,https://github.com/lihengming/spring-boot-api-project-seed,9685,2017-06-23T10:06:30Z
spark,perwendel,https://github.com/perwendel/spark,9661,2011-05-05T11:52:05Z
Android-ObservableScrollView,ksoichiro,https://github.com/ksoichiro/Android-ObservableScrollView,9650,2014-11-08T14:45:20Z
react-native-camera,react-native-camera,https://github.com/react-native-camera/react-native-camera,9645,2015-04-01T00:54:40Z
android-gif-drawable,koral--,https://github.com/koral--/android-gif-drawable,9630,2013-01-30T01:37:46Z
DanmakuFlameMaster,bilibili,https://github.com/bilibili/DanmakuFlameMaster,9600,2013-08-11T12:18:50Z
spinnaker,spinnaker,https://github.com/spinnaker/spinnaker,9580,2014-07-02T19:02:36Z
android-Ultra-Pull-To-Refresh,liaohuqiu,https://github.com/liaohuqiu/android-Ultra-Pull-To-Refresh,9564,2014-11-13T03:13:10Z
Mycat-Server,MyCATApache,https://github.com/MyCATApache/Mycat-Server,9553,2014-12-04T02:46:54Z
AndroidSlidingUpPanel,umano,https://github.com/umano/AndroidSlidingUpPanel,9497,2013-05-31T18:33:53Z
cim,crossoverJie,https://github.com/crossoverJie/cim,9443,2018-05-20T15:55:56Z
PocketHub,pockethub,https://github.com/pockethub/PocketHub,9381,2011-09-08T16:52:50Z
cassandra,apache,https://github.com/apache/cassandra,9362,2009-05-21T02:10:09Z
AgentWeb,Justson,https://github.com/Justson/AgentWeb,9351,2017-05-12T07:45:56Z
EhViewer,seven332,https://github.com/seven332/EhViewer,9329,2014-05-14T12:03:52Z
CalendarView,huanghaibin-dev,https://github.com/huanghaibin-dev/CalendarView,9312,2017-03-11T07:16:09Z
spring-security,spring-projects,https://github.com/spring-projects/spring-security,9296,2012-01-10T21:50:57Z
JsonPath,json-path,https://github.com/json-path/JsonPath,9291,2011-01-24T13:19:19Z
AndroidNote,GcsSloop,https://github.com/GcsSloop/AndroidNote,9290,2016-01-04T23:51:36Z
testing-samples,android,https://github.com/android/testing-samples,9275,2014-10-11T03:51:27Z
android-gpuimage,cats-oss,https://github.com/cats-oss/android-gpuimage,9129,2012-10-04T08:11:58Z
flyway,flyway,https://github.com/flyway/flyway,9091,2012-12-14T18:43:22Z
VirtualAPK,didi,https://github.com/didi/VirtualAPK,9041,2017-06-29T07:25:05Z
jmeter,apache,https://github.com/apache/jmeter,8992,2010-05-26T23:38:07Z
langchain4j,langchain4j,https://github.com/langchain4j/langchain4j,8985,2023-06-20T15:30:29Z
MaterialDesignLibrary,navasmdc,https://github.com/navasmdc/MaterialDesignLibrary,8972,2014-09-30T07:37:17Z
Jetpack-MVVM-Best-Practice,KunMinX,https://github.com/KunMinX/Jetpack-MVVM-Best-Practice,8951,2019-10-31T05:21:01Z
Android_Data,Freelander,https://github.com/Freelander/Android_Data,8844,2015-04-04T01:37:44Z
storm,nathanmarz,https://github.com/nathanmarz/storm,8811,2011-09-17T07:55:13Z
StatusBarUtil,laobie,https://github.com/laobie/StatusBarUtil,8799,2016-02-15T03:06:06Z
jna,java-native-access,https://github.com/java-native-access/jna,8800,2011-04-29T13:30:29Z
seatunnel,apache,https://github.com/apache/seatunnel,8777,2017-08-05T09:14:47Z
awesome-java-leetcode,Blankj,https://github.com/Blankj/awesome-java-leetcode,8715,2017-04-17T15:51:41Z
flowable-engine,flowable,https://github.com/flowable/flowable-engine,8714,2016-10-13T07:21:43Z
Android-PullToRefresh,chrisbanes,https://github.com/chrisbanes/Android-PullToRefresh,8688,2011-11-29T09:59:56Z
checkstyle,checkstyle,https://github.com/checkstyle/checkstyle,8673,2013-08-31T02:05:05Z
Android-SpinKit,ybq,https://github.com/ybq/Android-SpinKit,8665,2016-03-20T08:40:51Z
karate,karatelabs,https://github.com/karatelabs/karate,8659,2017-02-07T15:59:17Z
shenyu,apache,https://github.com/apache/shenyu,8658,2018-07-11T08:17:45Z
AndResGuard,shwenzhang,https://github.com/shwenzhang/AndResGuard,8624,2015-10-11T11:48:06Z
react-native-image-picker,react-native-image-picker,https://github.com/react-native-image-picker/react-native-image-picker,8588,2015-06-08T20:25:31Z
Calligraphy,chrisjenx,https://github.com/chrisjenx/Calligraphy,8570,2013-12-20T02:35:45Z
Android-Debug-Database,amitshekhariitbhu,https://github.com/amitshekhariitbhu/Android-Debug-Database,8561,2016-11-16T14:20:24Z
epoxy,airbnb,https://github.com/airbnb/epoxy,8559,2016-08-08T23:05:11Z
buck,facebook,https://github.com/facebook/buck,8556,2013-04-17T18:12:18Z
dropwizard,dropwizard,https://github.com/dropwizard/dropwizard,8553,2011-01-19T19:52:29Z
junit4,junit-team,https://github.com/junit-team/junit4,8536,2009-01-13T03:41:26Z
ysoserial,frohoff,https://github.com/frohoff/ysoserial,8506,2015-01-28T07:13:55Z
tsunami-security-scanner,google,https://github.com/google/tsunami-security-scanner,8463,2020-06-03T16:20:00Z
GoGoGo,ZCShou,https://github.com/ZCShou/GoGoGo,8449,2021-12-03T06:59:39Z
BottomBar,roughike,https://github.com/roughike/BottomBar,8390,2016-03-16T01:31:05Z
hsweb-framework,hs-web,https://github.com/hs-web/hsweb-framework,8381,2016-01-18T03:51:39Z
PojavLauncher,PojavLauncherTeam,https://github.com/PojavLauncherTeam/PojavLauncher,8379,2020-03-11T03:22:54Z
LSPatch,LSPosed,https://github.com/LSPosed/LSPatch,8379,2021-03-01T19:38:36Z
AndroidPdfViewer,DImuthuUpe,https://github.com/DImuthuUpe/AndroidPdfViewer,8361,2016-06-02T20:21:21Z
testcontainers-java,testcontainers,https://github.com/testcontainers/testcontainers-java,8321,2015-04-12T12:44:59Z
im-server,wildfirechat,https://github.com/wildfirechat/im-server,8300,2019-01-23T15:21:28Z
beam,apache,https://github.com/apache/beam,8297,2016-02-02T08:00:06Z
shardingsphere-elasticjob,apache,https://github.com/apache/shardingsphere-elasticjob,8209,2015-09-11T11:28:52Z
pentaho-kettle,pentaho,https://github.com/pentaho/pentaho-kettle,8169,2013-10-08T18:27:11Z
atlas,alibaba,https://github.com/alibaba/atlas,8150,2017-02-28T06:31:43Z
baritone,cabaletta,https://github.com/cabaletta/baritone,8138,2018-08-01T15:34:21Z
transmittable-thread-local,alibaba,https://github.com/alibaba/transmittable-thread-local,8127,2013-10-13T08:48:33Z
otter,alibaba,https://github.com/alibaba/otter,8125,2013-08-09T09:31:22Z
HMCL,HMCL-dev,https://github.com/HMCL-dev/HMCL,8117,2015-06-22T08:06:03Z
javacv,bytedeco,https://github.com/bytedeco/javacv,8117,2014-04-21T13:50:26Z
MaterialViewPager,florent37,https://github.com/florent37/MaterialViewPager,8114,2015-04-24T17:53:15Z
LitePal,guolindev,https://github.com/guolindev/LitePal,8102,2013-02-20T03:20:07Z
aeron,aeron-io,https://github.com/aeron-io/aeron,8099,2014-02-07T17:16:58Z
UltimateAndroidReference,aritraroy,https://github.com/aritraroy/UltimateAndroidReference,8093,2017-04-10T07:28:27Z
subsampling-scale-image-view,davemorrissey,https://github.com/davemorrissey/subsampling-scale-image-view,7986,2013-08-26T16:45:25Z
SimianArmy,Netflix,https://github.com/Netflix/SimianArmy,7985,2012-07-06T22:00:05Z
XPopup,junixapp,https://github.com/junixapp/XPopup,7963,2018-12-07T06:16:48Z
iceberg,apache,https://github.com/apache/iceberg,7959,2018-11-19T16:26:46Z
tomcat,apache,https://github.com/apache/tomcat,7951,2011-10-01T07:00:19Z
hugo,JakeWharton,https://github.com/JakeWharton/hugo,7930,2013-11-25T09:16:40Z
metrics,dropwizard,https://github.com/dropwizard/metrics,7851,2010-02-26T19:44:42Z
HomeMirror,HannahMitt,https://github.com/HannahMitt/HomeMirror,7846,2015-08-23T03:20:08Z
react-native-svg,software-mansion,https://github.com/software-mansion/react-native-svg,7827,2016-01-17T14:29:21Z
graylog2-server,Graylog2,https://github.com/Graylog2/graylog2-server,7795,2010-05-17T21:27:02Z
material-theme-jetbrains,ChrisRM,https://github.com/ChrisRM/material-theme-jetbrains,7792,2015-09-23T07:15:04Z
RxLifecycle,trello-archive,https://github.com/trello-archive/RxLifecycle,7692,2015-07-20T13:32:23Z
MVVMHabit,goldze,https://github.com/goldze/MVVMHabit,7682,2017-07-21T10:38:40Z
vjtools,vipshop,https://github.com/vipshop/vjtools,7671,2018-05-29T09:07:08Z
LeetCode-Book,krahets,https://github.com/krahets/LeetCode-Book,7664,2021-12-17T14:16:02Z
hellocharts-android,lecho,https://github.com/lecho/hellocharts-android,7647,2014-10-12T09:12:37Z
Shadow,Tencent,https://github.com/Tencent/Shadow,7640,2019-06-13T10:50:27Z
MyBookshelf,gedoor,https://github.com/gedoor/MyBookshelf,7620,2018-06-12T03:48:07Z
android-classyshark,google,https://github.com/google/android-classyshark,7588,2015-10-12T13:40:48Z
PowerJob,PowerJob,https://github.com/PowerJob/PowerJob,7586,2020-03-16T09:19:55Z
closure-compiler,google,https://github.com/google/closure-compiler,7569,2014-04-16T15:30:36Z
AndroidAsync,koush,https://github.com/koush/AndroidAsync,7546,2012-08-24T07:27:04Z
jimureport,jeecgboot,https://github.com/jeecgboot/jimureport,7528,2019-12-05T12:25:59Z
RxJava-Android-Samples,kaushikgopal,https://github.com/kaushikgopal/RxJava-Android-Samples,7526,2014-07-23T05:13:52Z
algs4,kevin-wayne,https://github.com/kevin-wayne/algs4,7503,2015-08-31T09:28:49Z
mapstruct,mapstruct,https://github.com/mapstruct/mapstruct,7496,2012-05-28T12:42:42Z
LeetCode,yuanguangxin,https://github.com/yuanguangxin/LeetCode,7469,2020-01-11T01:02:02Z
swagger-core,swagger-api,https://github.com/swagger-api/swagger-core,7452,2011-07-05T23:44:11Z
enso,enso-org,https://github.com/enso-org/enso,7436,2016-12-16T17:23:37Z
VBlog,lenve,https://github.com/lenve/VBlog,7420,2017-12-26T11:01:55Z
1brc,gunnarmorling,https://github.com/gunnarmorling/1brc,7416,2023-12-28T09:13:24Z
SpringCloud-Learning,dyc87112,https://github.com/dyc87112/SpringCloud-Learning,7402,2016-08-21T03:39:52Z
Mapper,abel533,https://github.com/abel533/Mapper,7370,2014-11-21T11:02:10Z
ShortcutBadger,leolin310148,https://github.com/leolin310148/ShortcutBadger,7354,2013-11-15T12:51:52Z
RePlugin,Qihoo360,https://github.com/Qihoo360/RePlugin,7339,2017-06-08T09:39:09Z
MinecraftForge,MinecraftForge,https://github.com/MinecraftForge/MinecraftForge,7301,2012-01-30T01:35:01Z
dagger,square,https://github.com/square/dagger,7300,2012-08-02T23:25:32Z
gocd,gocd,https://github.com/gocd/gocd,7291,2013-12-13T05:26:16Z
Android-Bootstrap,Bearded-Hen,https://github.com/Bearded-Hen/Android-Bootstrap,7270,2013-11-01T15:36:17Z
sweet-alert-dialog,pedant,https://github.com/pedant/sweet-alert-dialog,7251,2014-10-19T09:24:09Z
TakePhoto,crazycodeboy,https://github.com/crazycodeboy/TakePhoto,7243,2015-08-04T02:05:32Z
AntennaPod,AntennaPod,https://github.com/AntennaPod/AntennaPod,7242,2012-07-31T10:25:08Z
xmall,Exrick,https://github.com/Exrick/xmall,7230,2017-07-28T01:49:49Z
WeChatLuckyMoney,geeeeeeeeek,https://github.com/geeeeeeeeek/WeChatLuckyMoney,7223,2015-09-30T16:11:20Z
UltimateRecyclerView,cymcsg,https://github.com/cymcsg/UltimateRecyclerView,7203,2015-01-28T02:27:45Z
DependencyCheck,dependency-check,https://github.com/dependency-check/DependencyCheck,7185,2012-09-03T20:43:30Z
agera,google,https://github.com/google/agera,7166,2015-12-17T13:22:58Z
nanohttpd,NanoHttpd,https://github.com/NanoHttpd/nanohttpd,7163,2012-08-10T21:52:42Z
KnowStreaming,didi,https://github.com/didi/KnowStreaming,7144,2020-03-19T05:13:51Z
SmartTabLayout,ogaclejapan,https://github.com/ogaclejapan/SmartTabLayout,7097,2015-02-14T11:25:51Z
gnirehtet,Genymobile,https://github.com/Genymobile/gnirehtet,7080,2017-02-09T16:01:13Z
ActionBarSherlock,JakeWharton,https://github.com/JakeWharton/ActionBarSherlock,7075,2011-03-07T17:28:54Z
alluxio,Alluxio,https://github.com/Alluxio/alluxio,7068,2012-12-21T17:43:46Z
Timber,naman14,https://github.com/naman14/Timber,7058,2015-06-12T16:43:55Z
automq,AutoMQ,https://github.com/AutoMQ/automq,7047,2023-08-17T07:50:13Z
error-prone,google,https://github.com/google/error-prone,7038,2014-08-21T23:26:50Z
elasticsearch-sql,NLPchina,https://github.com/NLPchina/elasticsearch-sql,7034,2014-08-24T14:26:31Z
JavaTutorial,h2pl,https://github.com/h2pl/JavaTutorial,7027,2018-05-01T15:57:21Z
rest-assured,rest-assured,https://github.com/rest-assured/rest-assured,7024,2010-10-21T08:35:43Z
netty-socketio,mrniko,https://github.com/mrniko/netty-socketio,6995,2012-01-12T11:43:49Z
wiremock,wiremock,https://github.com/wiremock/wiremock,6978,2011-10-09T20:27:24Z
DroidPlugin,DroidPluginTeam,https://github.com/DroidPluginTeam/DroidPlugin,6962,2015-08-27T11:14:57Z
jvm-sandbox,alibaba,https://github.com/alibaba/jvm-sandbox,6921,2017-08-03T02:55:31Z
CompreFace,exadel-inc,https://github.com/exadel-inc/CompreFace,6878,2020-07-06T08:29:43Z
okhttputils,hongyangAndroid,https://github.com/hongyangAndroid/okhttputils,6861,2015-08-17T14:53:29Z
walle,Meituan-Dianping,https://github.com/Meituan-Dianping/walle,6847,2017-01-10T03:39:25Z
springcloud-learning,macrozheng,https://github.com/macrozheng/springcloud-learning,6833,2019-09-07T02:36:16Z
rabbitmq-tutorials,rabbitmq,https://github.com/rabbitmq/rabbitmq-tutorials,6806,2010-09-21T11:41:26Z
react-native-push-notification,zo0r,https://github.com/zo0r/react-native-push-notification,6788,2015-12-14T19:53:36Z
junit-framework,junit-team,https://github.com/junit-team/junit-framework,6786,2015-01-11T19:06:10Z
java-eight-part,CoderLeixiaoshuai,https://github.com/CoderLeixiaoshuai/java-eight-part,6782,2020-10-16T16:27:04Z
BookReader,smuyyh,https://github.com/smuyyh/BookReader,6781,2016-08-03T05:17:27Z
angel,Angel-ML,https://github.com/Angel-ML/angel,6775,2017-04-25T05:57:43Z
haven,guardianproject,https://github.com/guardianproject/haven,6724,2017-03-01T03:20:03Z
AndroidPerformanceMonitor,markzhai,https://github.com/markzhai/AndroidPerformanceMonitor,6724,2016-01-17T05:23:22Z
AndroidProject,getActivity,https://github.com/getActivity/AndroidProject,6714,2018-10-23T10:30:55Z
AndroidPicker,gzu-liyujiang,https://github.com/gzu-liyujiang/AndroidPicker,6713,2015-10-21T14:21:16Z
itstack-demo-design,fuzhengwei,https://github.com/fuzhengwei/itstack-demo-design,6712,2020-05-20T13:45:30Z
mybatis-generator-gui,zouzg,https://github.com/zouzg/mybatis-generator-gui,6709,2016-05-08T22:39:39Z
spring-ai,spring-projects,https://github.com/spring-projects/spring-ai,6703,2023-06-27T18:57:29Z
springBoot,527515025,https://github.com/527515025/springBoot,6701,2016-11-07T02:13:31Z
AndroidAutoLayout,hongyangAndroid,https://github.com/hongyangAndroid/AndroidAutoLayout,6673,2015-11-19T02:09:11Z
Leaf,Meituan-Dianping,https://github.com/Meituan-Dianping/Leaf,6666,2018-12-11T07:41:35Z
storm,apache,https://github.com/apache/storm,6651,2013-11-05T08:00:14Z
AndPermission,yanzhenjie,https://github.com/yanzhenjie/AndPermission,6645,2016-09-11T05:17:34Z
Recaf,Col-E,https://github.com/Col-E/Recaf,6645,2017-07-27T06:01:10Z
byte-buddy,raphw,https://github.com/raphw/byte-buddy,6607,2013-11-25T19:38:03Z
quartz,quartz-scheduler,https://github.com/quartz-scheduler/quartz,6604,2016-03-07T14:05:37Z
hertzbeat,apache,https://github.com/apache/hertzbeat,6605,2022-02-04T14:48:56Z
Toasty,GrenderG,https://github.com/GrenderG/Toasty,6598,2017-01-18T18:52:41Z
zeppelin,apache,https://github.com/apache/zeppelin,6558,2015-03-25T07:00:06Z
smali,JesusFreke,https://github.com/JesusFreke/smali,6537,2012-09-23T19:51:16Z
ansj_seg,NLPchina,https://github.com/NLPchina/ansj_seg,6530,2012-09-05T05:56:24Z
jOOQ,jOOQ,https://github.com/jOOQ/jOOQ,6518,2011-04-17T10:43:33Z
AppManager,MuntashirAkon,https://github.com/MuntashirAkon/AppManager,6509,2020-05-30T04:08:56Z
processing,processing,https://github.com/processing/processing,6504,2013-01-24T21:17:22Z
Android-skin-support,ximsfei,https://github.com/ximsfei/Android-skin-support,6502,2017-01-12T15:03:54Z
TV,FongMi,https://github.com/FongMi/TV,6497,2022-06-22T09:10:23Z
XXPermissions,getActivity,https://github.com/getActivity/XXPermissions,6470,2018-06-15T14:31:29Z
traccar,traccar,https://github.com/traccar/traccar,6448,2012-04-16T08:33:49Z
Spring-Cloud-Platform,wxiaoqi,https://github.com/wxiaoqi/Spring-Cloud-Platform,6434,2017-05-25T10:35:26Z
Android-Image-Cropper,ArthurHub,https://github.com/ArthurHub/Android-Image-Cropper,6424,2015-01-15T10:49:37Z
RoundedImageView,vinc3m1,https://github.com/vinc3m1/RoundedImageView,6423,2013-02-22T01:17:37Z
pig,pig-mesh,https://github.com/pig-mesh/pig,6416,2019-08-26T03:24:53Z
hazelcast,hazelcast,https://github.com/hazelcast/hazelcast,6392,2012-03-21T12:25:18Z
async-http-client,AsyncHttpClient,https://github.com/AsyncHttpClient/async-http-client,6390,2011-03-07T13:41:46Z
remusic,aa112901,https://github.com/aa112901/remusic,6359,2016-03-24T06:20:39Z
vespa,vespa-engine,https://github.com/vespa-engine/vespa,6347,2016-06-03T20:54:20Z
JFoenix,sshahine,https://github.com/sshahine/JFoenix,6344,2015-09-08T14:04:24Z
jsonschema2pojo,joelittlejohn,https://github.com/joelittlejohn/jsonschema2pojo,6333,2013-06-22T22:28:53Z
richeditor-android,wasabeef,https://github.com/wasabeef/richeditor-android,6331,2015-03-30T16:19:20Z
micronaut-core,micronaut-projects,https://github.com/micronaut-projects/micronaut-core,6297,2018-03-07T12:05:08Z
from-java-to-kotlin,amitshekhariitbhu,https://github.com/amitshekhariitbhu/from-java-to-kotlin,6292,2017-05-21T11:56:27Z
ion,koush,https://github.com/koush/ion,6275,2013-05-22T07:41:23Z
wvp-GB28181-pro,648540858,https://github.com/648540858/wvp-GB28181-pro,6261,2020-11-14T14:16:37Z
config,lightbend,https://github.com/lightbend/config,6259,2011-12-06T08:02:29Z
smile,haifengl,https://github.com/haifengl/smile,6256,2014-11-20T16:28:12Z
hibernate-orm,hibernate,https://github.com/hibernate/hibernate-orm,6235,2010-10-04T16:15:52Z
spring-cloud-examples,ityouknow,https://github.com/ityouknow/spring-cloud-examples,6224,2017-04-28T08:48:53Z
flink-cdc,apache,https://github.com/apache/flink-cdc,6220,2020-07-27T19:23:33Z
gephi,gephi,https://github.com/gephi/gephi,6206,2011-10-22T03:14:46Z
graphql-java,graphql-java,https://github.com/graphql-java/graphql-java,6196,2015-07-06T06:52:20Z
mini-spring,DerekYRC,https://github.com/DerekYRC/mini-spring,6188,2020-11-17T11:59:18Z
logisim-evolution,logisim-evolution,https://github.com/logisim-evolution/logisim-evolution,6171,2014-09-19T05:23:24Z
IJPay,Javen205,https://github.com/Javen205/IJPay,6169,2017-05-02T03:15:32Z
jetlinks-community,jetlinks,https://github.com/jetlinks/jetlinks-community,6152,2020-01-02T07:27:34Z
grafika,google,https://github.com/google/grafika,6133,2013-12-19T18:36:53Z
java-jwt,auth0,https://github.com/auth0/java-jwt,6124,2014-03-07T15:06:11Z
SwipeBackLayout,ikew0ng,https://github.com/ikew0ng/SwipeBackLayout,6123,2013-08-25T03:36:12Z
joyagent-jdgenie,jd-opensource,https://github.com/jd-opensource/joyagent-jdgenie,6123,2025-07-16T02:59:53Z
incubator-kie-drools,apache,https://github.com/apache/incubator-kie-drools,6116,2011-02-18T08:37:05Z
QR-Code-generator,nayuki,https://github.com/nayuki/QR-Code-generator,6114,2016-04-15T02:19:41Z
NumberProgressBar,daimajia,https://github.com/daimajia/NumberProgressBar,6105,2014-05-01T08:54:25Z
MaterialEditText,rengwuxian,https://github.com/rengwuxian/MaterialEditText,6100,2014-10-30T10:07:23Z
useful-java-links,Vedenin,https://github.com/Vedenin/useful-java-links,6061,2016-02-13T13:14:52Z
SoloPi,alipay,https://github.com/alipay/SoloPi,6037,2019-03-14T15:32:49Z
j2objc,google,https://github.com/google/j2objc,6030,2014-01-30T20:19:56Z
SpringBootVulExploit,LandGrey,https://github.com/LandGrey/SpringBootVulExploit,6030,2020-05-20T09:18:44Z
dynamic-load-apk,singwhatiwanna,https://github.com/singwhatiwanna/dynamic-load-apk,6030,2014-03-30T11:51:00Z
EffectiveAndroidUI,pedrovgs,https://github.com/pedrovgs/EffectiveAndroidUI,6015,2014-07-04T08:42:20Z
graphhopper,graphhopper,https://github.com/graphhopper/graphhopper,6001,2012-02-18T19:57:38Z
material,rey5137,https://github.com/rey5137/material,5989,2014-12-09T12:07:32Z
physical-web,google,https://github.com/google/physical-web,5982,2014-09-30T18:32:14Z
vavr,vavr-io,https://github.com/vavr-io/vavr,5971,2014-01-30T14:07:25Z
xUtils3,wyouflf,https://github.com/wyouflf/xUtils3,5968,2015-10-28T10:56:04Z
robolectric,robolectric,https://github.com/robolectric/robolectric,5967,2010-08-28T00:28:25Z
kafdrop,obsidiandynamics,https://github.com/obsidiandynamics/kafdrop,5965,2019-05-27T08:46:56Z
GhidraMCP,LaurieWired,https://github.com/LaurieWired/GhidraMCP,5963,2025-03-23T05:36:55Z
ssm,liyifeng1994,https://github.com/liyifeng1994/ssm,5958,2016-06-18T17:58:56Z
btrace,btraceio,https://github.com/btraceio/btrace,5954,2014-08-28T18:58:24Z
camel,apache,https://github.com/apache/camel,5950,2009-05-21T00:25:36Z
javaparser,javaparser,https://github.com/javaparser/javaparser,5943,2011-10-30T14:03:44Z
springfox,springfox,https://github.com/springfox/springfox,5941,2012-05-06T06:38:57Z
hudi,apache,https://github.com/apache/hudi,5933,2016-12-14T15:53:41Z
material-calendarview,prolificinteractive,https://github.com/prolificinteractive/material-calendarview,5926,2015-02-09T22:31:56Z
androidmvp,antoniolg,https://github.com/antoniolg/androidmvp,5920,2014-04-02T05:42:20Z
google-java-format,google,https://github.com/google/google-java-format,5917,2015-05-11T20:38:28Z
motan,weibocom,https://github.com/weibocom/motan,5896,2016-04-20T10:56:17Z
pinot,apache,https://github.com/apache/pinot,5895,2014-05-19T23:27:48Z
zxing-android-embedded,journeyapps,https://github.com/journeyapps/zxing-android-embedded,5893,2012-11-28T16:36:39Z
austin,ZhongFuCheng3y,https://github.com/ZhongFuCheng3y/austin,5891,2021-11-06T09:36:01Z
datax-web,WeiYe-Jing,https://github.com/WeiYe-Jing/datax-web,5887,2019-11-19T01:09:05Z
iotdb,apache,https://github.com/apache/iotdb,5885,2018-11-24T21:29:17Z
hippo4j,opengoofy,https://github.com/opengoofy/hippo4j,5880,2021-06-16T02:59:48Z
blade,lets-blade,https://github.com/lets-blade/blade,5877,2015-06-10T03:35:49Z
Pixiv-Shaft,CeuiLiSA,https://github.com/CeuiLiSA/Pixiv-Shaft,5856,2019-04-01T09:59:09Z
Fast-Android-Networking,amitshekhariitbhu,https://github.com/amitshekhariitbhu/Fast-Android-Networking,5843,2016-03-21T18:35:44Z
JSqlParser,JSQLParser,https://github.com/JSQLParser/JSqlParser,5805,2011-06-23T22:51:52Z
api-samples,youtube,https://github.com/youtube/api-samples,5805,2013-12-09T18:41:41Z
BoomMenu,Nightonke,https://github.com/Nightonke/BoomMenu,5803,2016-03-19T12:04:12Z
lanproxy,ffay,https://github.com/ffay/lanproxy,5803,2016-11-20T08:12:10Z
spring-ai-alibaba,alibaba,https://github.com/alibaba/spring-ai-alibaba,5799,2024-09-09T01:35:50Z
tcc-transaction,changmingxie,https://github.com/changmingxie/tcc-transaction,5796,2015-12-05T04:27:53Z
hive,apache,https://github.com/apache/hive,5788,2009-05-21T02:31:01Z
DiscreteScrollView,yarolegovich,https://github.com/yarolegovich/DiscreteScrollView,5787,2017-03-03T23:38:54Z
DiskLruCache,JakeWharton,https://github.com/JakeWharton/DiskLruCache,5774,2012-01-05T00:36:34Z
circular-progress-button,dmytrodanylyk,https://github.com/dmytrodanylyk/circular-progress-button,5772,2014-06-07T12:58:48Z
AmazeFileManager,TeamAmaze,https://github.com/TeamAmaze/AmazeFileManager,5759,2014-07-14T19:47:53Z
Discovery,Nepxion,https://github.com/Nepxion/Discovery,5744,2018-06-21T16:16:49Z
FastHub,k0shk0sh,https://github.com/k0shk0sh/FastHub,5729,2017-02-18T17:53:16Z
jeepay,jeequan,https://github.com/jeequan/jeepay,5725,2017-08-12T02:40:32Z
InfiniteCycleViewPager,Devlight,https://github.com/Devlight/InfiniteCycleViewPager,5724,2016-08-22T08:04:39Z
aurora-imui,jpush,https://github.com/jpush/aurora-imui,5715,2016-12-13T05:24:01Z
SwipeRecyclerView,yanzhenjie,https://github.com/yanzhenjie/SwipeRecyclerView,5706,2016-08-03T15:43:34Z
lamp-cloud,dromara,https://github.com/dromara/lamp-cloud,5688,2018-01-17T02:51:04Z
springside4,springside,https://github.com/springside/springside4,5685,2012-02-23T08:39:03Z
nifi,apache,https://github.com/apache/nifi,5669,2014-12-12T08:00:05Z
MusicBot,jagrosh,https://github.com/jagrosh/MusicBot,5665,2016-08-14T18:46:29Z
Blurry,wasabeef,https://github.com/wasabeef/Blurry,5662,2015-07-23T14:12:08Z
u2020,JakeWharton,https://github.com/JakeWharton/u2020,5660,2013-11-14T11:58:23Z
react-native-splash-screen,crazycodeboy,https://github.com/crazycodeboy/react-native-splash-screen,5660,2016-09-14T10:43:55Z
HTextView,hanks-zyh,https://github.com/hanks-zyh/HTextView,5649,2015-12-19T16:34:59Z
lettuce,redis,https://github.com/redis/lettuce,5635,2014-05-10T13:08:46Z
spring-boot-projects,ZHENFENG13,https://github.com/ZHENFENG13/spring-boot-projects,5631,2017-04-01T01:50:14Z
AndroidImageSlider,daimajia,https://github.com/daimajia/AndroidImageSlider,5616,2014-06-02T06:04:17Z
janusgraph,JanusGraph,https://github.com/JanusGraph/janusgraph,5611,2016-12-26T13:26:29Z
EdXposed,ElderDrivers,https://github.com/ElderDrivers/EdXposed,5605,2019-01-18T16:18:19Z
linuxdeploy,meefik,https://github.com/meefik/linuxdeploy,5605,2012-08-21T04:49:14Z
Android-ZBLibrary,TommyLemon,https://github.com/TommyLemon/Android-ZBLibrary,5598,2015-08-20T16:03:53Z
Suwayomi-Server,Suwayomi,https://github.com/Suwayomi/Suwayomi-Server,5598,2020-12-23T20:31:38Z
FlowLayout,hongyangAndroid,https://github.com/hongyangAndroid/FlowLayout,5595,2015-08-28T09:32:31Z
ShowcaseView,amlcurran,https://github.com/amlcurran/ShowcaseView,5580,2012-08-14T19:07:36Z
uid-generator,baidu,https://github.com/baidu/uid-generator,5561,2017-03-27T04:03:43Z
disconf,knightliao,https://github.com/knightliao/disconf,5554,2014-05-30T09:39:27Z
ListViewAnimations,nhaarman,https://github.com/nhaarman/ListViewAnimations,5546,2013-03-19T11:59:23Z
shattered-pixel-dungeon,00-Evan,https://github.com/00-Evan/shattered-pixel-dungeon,5499,2014-07-31T21:56:31Z
AndroidVideoCache,danikula,https://github.com/danikula/AndroidVideoCache,5495,2015-04-01T11:25:52Z
StickyListHeaders,emilsjolander,https://github.com/emilsjolander/StickyListHeaders,5495,2012-03-11T18:29:18Z
MagicCamera,wuhaoyu1990,https://github.com/wuhaoyu1990/MagicCamera,5491,2016-01-08T11:36:56Z
mosby,sockeqwe,https://github.com/sockeqwe/mosby,5476,2015-03-25T00:59:19Z
jetcache,alibaba,https://github.com/alibaba/jetcache,5473,2017-04-12T07:48:23Z
scribejava,scribejava,https://github.com/scribejava/scribejava,5466,2010-09-05T19:11:40Z
freeline,alibaba,https://github.com/alibaba/freeline,5459,2016-08-03T17:22:52Z
TapTargetView,KeepSafe,https://github.com/KeepSafe/TapTargetView,5455,2016-09-11T09:07:36Z
novel,201206030,https://github.com/201206030/novel,5451,2019-11-11T01:13:52Z
barcodescanner,dm77,https://github.com/dm77/barcodescanner,5448,2014-02-24T21:14:09Z
FastBle,Jasonchenlijian,https://github.com/Jasonchenlijian/FastBle,5444,2016-08-23T02:06:33Z
wechat,motianhuo,https://github.com/motianhuo/wechat,5437,2015-05-25T02:33:37Z
library,ddd-by-examples,https://github.com/ddd-by-examples/library,5429,2019-01-11T09:14:03Z
rebound,facebookarchive,https://github.com/facebookarchive/rebound,5416,2013-10-11T01:12:37Z
dubbo-spring-boot-project,apache,https://github.com/apache/dubbo-spring-boot-project,5404,2018-01-18T12:10:50Z
socket.io-client-java,socketio,https://github.com/socketio/socket.io-client-java,5404,2013-04-28T17:04:05Z
hbase,apache,https://github.com/apache/hbase,5387,2014-05-23T07:00:07Z
typespec,microsoft,https://github.com/microsoft/typespec,5375,2021-06-30T23:29:49Z
sensitive-word,houbb,https://github.com/houbb/sensitive-word,5376,2020-01-07T03:10:44Z
android-job,Evernote,https://github.com/Evernote/android-job,5371,2015-08-20T19:36:54Z
usb-serial-for-android,mik3y,https://github.com/mik3y/usb-serial-for-android,5370,2013-06-30T23:17:45Z
strimzi-kafka-operator,strimzi,https://github.com/strimzi/strimzi-kafka-operator,5367,2016-05-06T08:52:33Z
shimmer-android,facebookarchive,https://github.com/facebookarchive/shimmer-android,5365,2015-02-27T22:25:22Z
groovy,apache,https://github.com/apache/groovy,5360,2015-04-16T07:00:05Z
spring-data-examples,spring-projects,https://github.com/spring-projects/spring-data-examples,5355,2014-01-30T15:42:43Z
SystemBarTint,jgilfelt,https://github.com/jgilfelt/SystemBarTint,5355,2013-11-17T12:35:05Z
cw-omnibus,commonsguy,https://github.com/commonsguy/cw-omnibus,5350,2012-03-12T14:12:06Z
MifareClassicTool,ikarus23,https://github.com/ikarus23/MifareClassicTool,5343,2013-02-12T15:39:03Z
android-advancedrecyclerview,h6ah4i,https://github.com/h6ah4i/android-advancedrecyclerview,5336,2015-01-24T16:14:39Z
thumbnailator,coobird,https://github.com/coobird/thumbnailator,5326,2015-07-25T05:38:33Z
XRecyclerView,XRecyclerView,https://github.com/XRecyclerView/XRecyclerView,5319,2015-11-18T08:14:22Z
generator,mybatis,https://github.com/mybatis/generator,5311,2013-02-10T11:14:50Z
google-authenticator,google,https://github.com/google/google-authenticator,5306,2014-10-08T17:54:27Z
OsmAnd,osmandapp,https://github.com/osmandapp/OsmAnd,5305,2011-01-15T19:59:44Z
web3j,LFDT-web3j,https://github.com/LFDT-web3j/web3j,5301,2016-09-04T05:48:49Z
gradle-retrolambda,evant,https://github.com/evant/gradle-retrolambda,5290,2013-08-05T02:09:58Z
android-lifecycle,xxv,https://github.com/xxv/android-lifecycle,5272,2014-04-18T14:26:22Z
VitamioBundle,yixia,https://github.com/yixia/VitamioBundle,5269,2012-10-19T08:40:49Z
sodium,CaffeineMC,https://github.com/CaffeineMC/sodium,5261,2020-02-01T03:04:09Z
springboot-guide,CodingDocs,https://github.com/CodingDocs/springboot-guide,5252,2018-11-28T01:05:07Z
okdownload,lingochamp,https://github.com/lingochamp/okdownload,5246,2017-12-17T08:21:22Z
Android-Touch-Helper,zfdang,https://github.com/zfdang/Android-Touch-Helper,5245,2020-10-16T00:58:41Z
titan,thinkaurelius,https://github.com/thinkaurelius/titan,5242,2012-02-25T22:53:53Z
Side-Menu.Android,Yalantis,https://github.com/Yalantis/Side-Menu.Android,5240,2015-01-13T11:11:27Z
QLExpress,alibaba,https://github.com/alibaba/QLExpress,5237,2017-03-15T08:39:54Z
QAuxiliary,cinit,https://github.com/cinit/QAuxiliary,5234,2022-01-29T06:12:36Z
BasePopup,razerdp,https://github.com/razerdp/BasePopup,5232,2016-01-15T03:31:07Z
DKVideoPlayer,Doikki,https://github.com/Doikki/DKVideoPlayer,5230,2017-04-11T01:33:38Z
twoway-view,lucasr,https://github.com/lucasr/twoway-view,5225,2013-01-18T20:55:23Z
TelegramBots,rubenlagus,https://github.com/rubenlagus/TelegramBots,5224,2016-01-14T00:13:07Z
smartTable,huangyanbin,https://github.com/huangyanbin/smartTable,5220,2017-11-08T01:11:14Z
Dexter,Karumi,https://github.com/Karumi/Dexter,5216,2015-11-17T13:14:43Z
liquibase,liquibase,https://github.com/liquibase/liquibase,5217,2011-07-08T20:08:20Z
Geyser,GeyserMC,https://github.com/GeyserMC/Geyser,5213,2019-07-08T17:23:17Z
pmd,pmd,https://github.com/pmd/pmd,5208,2012-07-11T18:03:00Z
FloatingActionButton,Clans,https://github.com/Clans/FloatingActionButton,5205,2015-03-21T12:36:16Z
db-tutorial,dunwu,https://github.com/dunwu/db-tutorial,5201,2017-08-08T06:33:38Z
dddsample-core,citerus,https://github.com/citerus/dddsample-core,5198,2015-01-31T23:21:37Z
picocli,remkop,https://github.com/remkop/picocli,5193,2017-02-01T16:38:41Z
megabasterd,tonikelope,https://github.com/tonikelope/megabasterd,5186,2016-09-29T16:54:54Z
JS-Sorting-Algorithm,hustcc,https://github.com/hustcc/JS-Sorting-Algorithm,5184,2017-01-19T11:36:21Z
views-widgets-samples,android,https://github.com/android/views-widgets-samples,5156,2019-09-06T21:39:12Z
easy-rules,j-easy,https://github.com/j-easy/easy-rules,5153,2013-03-10T14:38:26Z
ctci,careercup,https://github.com/careercup/ctci,5147,2013-03-21T23:01:01Z
otto,square,https://github.com/square/otto,5146,2012-06-27T19:06:49Z
midjourney-proxy,novicezk,https://github.com/novicezk/midjourney-proxy,5146,2023-04-24T13:43:45Z
JustTrustMe,Fuzion24,https://github.com/Fuzion24/JustTrustMe,5143,2014-07-24T23:45:05Z
reactor-core,reactor,https://github.com/reactor/reactor-core,5139,2015-11-10T10:06:40Z
bitcoinj,bitcoinj,https://github.com/bitcoinj/bitcoinj,5135,2013-11-19T04:33:23Z
YCSB,brianfrankcooper,https://github.com/brianfrankcooper/YCSB,5133,2010-04-19T20:52:11Z
lwjgl3,LWJGL,https://github.com/LWJGL/lwjgl3,5125,2012-12-23T15:40:04Z
runelite,runelite,https://github.com/runelite/runelite,5112,2016-04-30T20:48:02Z
Digital,hneemann,https://github.com/hneemann/Digital,5101,2016-06-28T17:40:16Z
Android-IMSI-Catcher-Detector,CellularPrivacy,https://github.com/CellularPrivacy/Android-IMSI-Catcher-Detector,5098,2013-11-23T10:04:14Z
shopping-management-system,zhanglei-workspace,https://github.com/zhanglei-workspace/shopping-management-system,5094,2015-11-16T12:53:21Z
fastexcel,fast-excel,https://github.com/fast-excel/fastexcel,5094,2024-10-05T11:42:50Z
CameraView,natario1,https://github.com/natario1/CameraView,5084,2017-07-18T09:30:33Z
Luyten,deathmarine,https://github.com/deathmarine/Luyten,5083,2013-07-11T10:57:28Z
jpexs-decompiler,jindrapetrik,https://github.com/jindrapetrik/jpexs-decompiler,5079,2014-05-10T17:20:56Z
oshi,oshi,https://github.com/oshi/oshi,5076,2012-02-10T12:46:48Z
spotless,diffplug,https://github.com/diffplug/spotless,5076,2015-04-27T19:10:58Z
sofa-boot,sofastack,https://github.com/sofastack/sofa-boot,5063,2018-04-02T08:28:14Z
opentsdb,OpenTSDB,https://github.com/OpenTSDB/opentsdb,5062,2010-08-27T02:05:20Z
Small,wequick,https://github.com/wequick/Small,5049,2015-11-27T11:37:20Z
dynamic-datasource,baomidou,https://github.com/baomidou/dynamic-datasource,5042,2018-04-28T02:32:16Z
spring-authorization-server,spring-projects,https://github.com/spring-projects/spring-authorization-server,5045,2020-03-17T17:28:57Z
XUI,xuexiangjys,https://github.com/xuexiangjys/XUI,5037,2019-01-07T07:59:02Z
xpay,Exrick,https://github.com/Exrick/xpay,5036,2017-12-12T16:11:19Z
killbill,killbill,https://github.com/killbill/killbill,5024,2012-10-21T20:55:05Z
DesignPattern,youlookwhat,https://github.com/youlookwhat/DesignPattern,5019,2016-10-21T10:59:32Z
mapdb,jankotek,https://github.com/jankotek/mapdb,5015,2012-08-17T15:28:54Z
android-zxingLibrary,yipianfengye,https://github.com/yipianfengye/android-zxingLibrary,5014,2016-07-26T08:00:18Z
android-common,Trinea,https://github.com/Trinea/android-common,5012,2012-06-19T07:49:46Z
wgcloud,tianshiyeben,https://github.com/tianshiyeben/wgcloud,5010,2019-01-15T02:02:21Z
GravitySnapHelper,rubensousa,https://github.com/rubensousa/GravitySnapHelper,5002,2016-08-31T07:25:23Z
gpmall,2227324689,https://github.com/2227324689/gpmall,5000,2019-07-18T14:09:22Z
armeria,line,https://github.com/line/armeria,4997,2015-11-16T04:04:01Z
CloudReader,youlookwhat,https://github.com/youlookwhat/CloudReader,4995,2016-11-20T11:59:25Z
LayoutManagerGroup,DingMouRen,https://github.com/DingMouRen/LayoutManagerGroup,4992,2018-04-28T11:47:38Z
dialogplus,orhanobut,https://github.com/orhanobut/dialogplus,4988,2014-12-12T09:24:44Z
spring-mvc-showcase,spring-attic,https://github.com/spring-attic/spring-mvc-showcase,4987,2011-06-03T15:36:55Z
ignite,apache,https://github.com/apache/ignite,4983,2015-02-19T08:00:05Z
joda-time,JodaOrg,https://github.com/JodaOrg/joda-time,4978,2011-05-16T16:49:57Z
UltraViewPager,alibaba,https://github.com/alibaba/UltraViewPager,4977,2017-03-29T13:31:53Z
aviatorscript,killme2008,https://github.com/killme2008/aviatorscript,4975,2011-03-29T12:48:47Z
InstaMaterial,frogermcs,https://github.com/frogermcs/InstaMaterial,4969,2014-11-10T18:56:49Z
NavigationTabBar,Devlight,https://github.com/Devlight/NavigationTabBar,4947,2016-03-29T08:59:27Z
bisq,bisq-network,https://github.com/bisq-network/bisq,4948,2014-03-12T09:42:29Z
react-native-linear-gradient,react-native-linear-gradient,https://github.com/react-native-linear-gradient/react-native-linear-gradient,4940,2015-03-31T17:44:40Z
RxJava2-Android-Samples,amitshekhariitbhu,https://github.com/amitshekhariitbhu/RxJava2-Android-Samples,4939,2016-08-27T08:21:37Z
calcite,apache,https://github.com/apache/calcite,4937,2014-06-25T07:00:07Z
spring-cloud-netflix,spring-cloud,https://github.com/spring-cloud/spring-cloud-netflix,4935,2014-07-11T15:46:12Z
roncoo-pay,roncoo,https://github.com/roncoo/roncoo-pay,4921,2016-07-21T02:46:06Z
react-native-config,lugg,https://github.com/lugg/react-native-config,4920,2016-02-23T00:19:11Z
RippleEffect,traex,https://github.com/traex/RippleEffect,4916,2014-10-14T13:32:51Z
PeerBanHelper,PBH-BTN,https://github.com/PBH-BTN/PeerBanHelper,4914,2024-02-07T14:35:16Z
querydsl,querydsl,https://github.com/querydsl/querydsl,4908,2011-08-05T06:46:32Z
spring-boot-best-practice,javastacks,https://github.com/javastacks/spring-boot-best-practice,4907,2018-11-09T06:23:18Z
Infinity-For-Reddit,Docile-Alligator,https://github.com/Docile-Alligator/Infinity-For-Reddit,4905,2018-07-26T15:02:51Z
folding-cell-android,Ramotion,https://github.com/Ramotion/folding-cell-android,4900,2016-04-01T11:38:47Z
java-faker,DiUS,https://github.com/DiUS/java-faker,4898,2011-06-06T01:01:21Z
cglib,cglib,https://github.com/cglib/cglib,4875,2014-03-29T13:48:30Z
orientdb,orientechnologies,https://github.com/orientechnologies/orientdb,4873,2012-12-09T20:33:47Z
rstudio,rstudio,https://github.com/rstudio/rstudio,4864,2010-12-07T19:10:25Z
react-native-webrtc,react-native-webrtc,https://github.com/react-native-webrtc/react-native-webrtc,4860,2015-09-27T10:57:30Z
reactive-streams-jvm,reactive-streams,https://github.com/reactive-streams/reactive-streams-jvm,4860,2014-02-28T13:16:15Z
poi-tl,Sayi,https://github.com/Sayi/poi-tl,4854,2015-03-20T06:47:52Z
allure2,allure-framework,https://github.com/allure-framework/allure2,4854,2016-05-27T14:06:05Z
small-spring,fuzhengwei,https://github.com/fuzhengwei/small-spring,4850,2021-05-15T06:07:28Z
android,nextcloud,https://github.com/nextcloud/android,4844,2016-06-06T21:23:36Z
packer-ng-plugin,mcxiaoke,https://github.com/mcxiaoke/packer-ng-plugin,4826,2015-11-24T04:08:08Z
Transitions-Everywhere,andkulikov,https://github.com/andkulikov/Transitions-Everywhere,4806,2014-10-15T03:37:03Z
lucida,claritylab,https://github.com/claritylab/lucida,4800,2014-05-13T17:12:49Z
mockserver,mock-server,https://github.com/mock-server/mockserver,4794,2013-02-26T06:09:52Z
openai-java,TheoKanning,https://github.com/TheoKanning/openai-java,4788,2020-09-15T02:58:52Z
Android-ConvenientBanner,saiwu-bigkoo,https://github.com/saiwu-bigkoo/Android-ConvenientBanner,4771,2014-12-23T06:12:33Z
reflections,ronmamo,https://github.com/ronmamo/reflections,4767,2013-04-16T16:19:26Z
maven,apache,https://github.com/apache/maven,4766,2009-05-21T03:22:03Z
mybatis,tuguangquan,https://github.com/tuguangquan/mybatis,4765,2014-11-03T04:51:06Z
AndroidStaggeredGrid,etsy,https://github.com/etsy/AndroidStaggeredGrid,4750,2013-12-09T19:43:45Z
android-tips-tricks,nisrulz,https://github.com/nisrulz/android-tips-tricks,4747,2016-08-25T20:27:33Z
SwitchButton,kyleduo,https://github.com/kyleduo/SwitchButton,4745,2014-09-09T07:20:43Z
spring-cloud-gateway,spring-cloud,https://github.com/spring-cloud/spring-cloud-gateway,4739,2016-11-16T21:42:51Z
FirebaseUI-Android,firebase,https://github.com/firebase/FirebaseUI-Android,4733,2015-07-09T17:31:09Z
baseAdapter,hongyangAndroid,https://github.com/hongyangAndroid/baseAdapter,4721,2015-08-03T02:55:51Z
cameraview,google,https://github.com/google/cameraview,4719,2016-08-04T05:22:14Z
blog_demos,zq2599,https://github.com/zq2599/blog_demos,4716,2017-04-09T04:51:56Z
Spring-Boot-In-Action,hansonwang99,https://github.com/hansonwang99/Spring-Boot-In-Action,4715,2019-01-28T12:56:51Z
micrometer,micrometer-metrics,https://github.com/micrometer-metrics/micrometer,4706,2017-04-10T21:36:51Z
spring-security-oauth,spring-attic,https://github.com/spring-attic/spring-security-oauth,4703,2011-07-26T18:08:49Z
microservices-platform,zlt2000,https://github.com/zlt2000/microservices-platform,4703,2019-03-07T07:13:37Z
chuck,jgilfelt,https://github.com/jgilfelt/chuck,4700,2017-02-07T23:51:39Z
ActiveAndroid,pardom-zz,https://github.com/pardom-zz/ActiveAndroid,4678,2012-11-15T18:10:45Z
esProc,SPLWare,https://github.com/SPLWare/esProc,4670,2021-11-09T15:41:25Z
markor,gsantner,https://github.com/gsantner/markor,4667,2017-08-26T00:08:35Z
ForestBlog,saysky,https://github.com/saysky/ForestBlog,4667,2017-10-08T15:27:47Z
libsvm,cjlin1,https://github.com/cjlin1/libsvm,4659,2013-09-10T14:32:07Z
MaterialDateTimePicker,wdullaer,https://github.com/wdullaer/MaterialDateTimePicker,4659,2015-01-03T19:41:03Z
JSON-java,stleary,https://github.com/stleary/JSON-java,4659,2010-12-21T17:46:09Z
SpringBoot-Shiro-Vue,Heeexy,https://github.com/Heeexy/SpringBoot-Shiro-Vue,4645,2017-11-17T18:49:06Z
cardslib,gabrielemariotti,https://github.com/gabrielemariotti/cardslib,4645,2013-09-20T21:57:19Z
djl,deepjavalibrary,https://github.com/deepjavalibrary/djl,4641,2019-10-29T22:38:54Z
Telegram-X,TGX-Android,https://github.com/TGX-Android/Telegram-X,4641,2021-08-17T17:09:25Z
PageIndicatorView,romandanylyk,https://github.com/romandanylyk/PageIndicatorView,4639,2016-08-20T19:25:32Z
javacpp,bytedeco,https://github.com/bytedeco/javacpp,4638,2014-04-21T12:47:21Z
opengrok,oracle,https://github.com/oracle/opengrok,4631,2013-01-07T11:49:18Z
oblivion,bepass-org,https://github.com/bepass-org/oblivion,4618,2024-02-08T05:50:09Z
ribbon,Netflix,https://github.com/Netflix/ribbon,4617,2013-01-15T01:08:04Z
--,981011512,https://github.com/981011512/--,4614,2020-06-18T22:47:21Z
rocketmq-externals,apache,https://github.com/apache/rocketmq-externals,4607,2017-03-14T07:00:06Z
JAViewer,SplashCodes,https://github.com/SplashCodes/JAViewer,4605,2016-05-21T08:47:10Z
crawler4j,yasserg,https://github.com/yasserg/crawler4j,4604,2011-12-31T22:49:18Z
AutoJs6,SuperMonster003,https://github.com/SuperMonster003/AutoJs6,4600,2021-12-01T05:27:22Z
GCViewer,chewiebug,https://github.com/chewiebug/GCViewer,4586,2011-10-23T09:01:04Z
simplify,CalebFenton,https://github.com/CalebFenton/simplify,4585,2014-01-16T05:14:02Z
ipscan,angryip,https://github.com/angryip/ipscan,4585,2011-06-28T20:58:48Z
concurrent,RedSpider1,https://github.com/RedSpider1/concurrent,4583,2018-11-03T13:49:36Z
quasar,puniverse,https://github.com/puniverse/quasar,4577,2013-03-27T14:51:24Z
dynamic-tp,dromara,https://github.com/dromara/dynamic-tp,4573,2022-01-07T16:35:27Z
WePush,rememberber,https://github.com/rememberber/WePush,4572,2017-06-23T09:03:36Z
SimplifyReader,chentao0707,https://github.com/chentao0707/SimplifyReader,4567,2015-08-17T08:22:53Z
JGrowing,javagrowing,https://github.com/javagrowing/JGrowing,4565,2019-02-26T01:55:08Z
Douya,zhanghai,https://github.com/zhanghai/Douya,4560,2016-02-01T13:44:19Z
objectbox-java,objectbox,https://github.com/objectbox/objectbox-java,4555,2017-01-24T10:29:48Z
JDA,discord-jda,https://github.com/discord-jda/JDA,4554,2015-12-12T13:57:32Z
GDA-android-reversing-Tool,charles2gan,https://github.com/charles2gan/GDA-android-reversing-Tool,4552,2017-10-31T08:18:29Z
go-lang-idea-plugin,go-lang-plugin-org,https://github.com/go-lang-plugin-org/go-lang-idea-plugin,4549,2010-08-29T08:20:01Z
sqlbrite,square,https://github.com/square/sqlbrite,4545,2015-02-19T04:38:37Z
Depth-LIB-Android-,danielzeller,https://github.com/danielzeller/Depth-LIB-Android-,4543,2016-04-27T09:37:28Z
android-crop,jdamcd,https://github.com/jdamcd/android-crop,4536,2014-03-13T10:24:43Z
AndroidHttpCapture,JZ-Darkal,https://github.com/JZ-Darkal/AndroidHttpCapture,4531,2016-10-15T19:48:00Z
dexposed,alibaba,https://github.com/alibaba/dexposed,4530,2015-06-30T02:59:16Z
AndroidTutorialForBeginners,hussien89aa,https://github.com/hussien89aa/AndroidTutorialForBeginners,4530,2016-09-26T16:36:28Z
unidbg,zhkl0228,https://github.com/zhkl0228/unidbg,4529,2019-02-26T09:32:15Z
SmoothProgressBar,castorflex,https://github.com/castorflex/SmoothProgressBar,4520,2013-11-27T20:32:16Z
azkaban,azkaban,https://github.com/azkaban/azkaban,4516,2012-10-18T01:34:53Z
Ant-Media-Server,ant-media,https://github.com/ant-media/Ant-Media-Server,4515,2017-03-01T08:21:13Z
bottomsheet,Flipboard,https://github.com/Flipboard/bottomsheet,4515,2015-04-23T17:37:32Z
epic,tiann,https://github.com/tiann/epic,4515,2017-05-22T02:52:44Z
java-algorithms-implementation,phishman3579,https://github.com/phishman3579/java-algorithms-implementation,4510,2013-11-20T03:30:19Z
bilibili-android-client,HotBitmapGG,https://github.com/HotBitmapGG/bilibili-android-client,4492,2016-06-01T04:36:01Z
MallChat,zongzibinbin,https://github.com/zongzibinbin/MallChat,4486,2023-03-16T15:04:35Z
booklore,booklore-app,https://github.com/booklore-app/booklore,4482,2024-12-13T19:54:00Z
NineOldAndroids,JakeWharton,https://github.com/JakeWharton/NineOldAndroids,4477,2011-12-08T19:46:37Z
Robust,Meituan-Dianping,https://github.com/Meituan-Dianping/Robust,4457,2017-03-14T10:14:50Z
android-mvp-architecture,janishar,https://github.com/janishar/android-mvp-architecture,4446,2017-01-27T08:39:06Z
h2database,h2database,https://github.com/h2database/h2database,4445,2015-04-10T19:09:09Z
aurora,linhaojun857,https://github.com/linhaojun857/aurora,4445,2022-08-19T13:39:16Z
android-times-square,square,https://github.com/square/android-times-square,4439,2013-01-30T20:28:27Z
moco,dreamhead,https://github.com/dreamhead/moco,4427,2012-10-18T09:09:51Z
flink-recommandSystem-demo,water8394,https://github.com/water8394/flink-recommandSystem-demo,4421,2019-05-15T07:55:35Z
GT,Tencent,https://github.com/Tencent/GT,4414,2016-01-13T10:29:55Z
DeepLinkDispatch,airbnb,https://github.com/airbnb/DeepLinkDispatch,4406,2015-06-11T21:16:48Z
jacoco,jacoco,https://github.com/jacoco/jacoco,4406,2012-07-08T21:45:13Z
IoT-Technical-Guide,IoT-Technology,https://github.com/IoT-Technology/IoT-Technical-Guide,4404,2019-04-02T01:52:44Z
shiro,apache,https://github.com/apache/shiro,4403,2009-08-29T08:00:17Z
Gadgetbridge,Freeyourgadget,https://github.com/Freeyourgadget/Gadgetbridge,4401,2015-01-05T23:19:03Z
ticker,robinhood,https://github.com/robinhood/ticker,4389,2016-07-15T21:37:52Z
flutter-webrtc,flutter-webrtc,https://github.com/flutter-webrtc/flutter-webrtc,4373,2018-03-07T02:26:03Z
BottomNavigation,Ashok-Varma,https://github.com/Ashok-Varma/BottomNavigation,4364,2016-03-19T19:19:30Z
leet-code,awangdev,https://github.com/awangdev/leet-code,4358,2015-04-25T19:14:09Z
serve,pytorch,https://github.com/pytorch/serve,4348,2019-10-03T03:17:43Z
revanced-patches,ReVanced,https://github.com/ReVanced/revanced-patches,4332,2023-12-14T01:25:17Z
frontend-maven-plugin,eirslett,https://github.com/eirslett/frontend-maven-plugin,4322,2013-08-30T14:44:38Z
ImagePicker,jeasonlzy,https://github.com/jeasonlzy/ImagePicker,4312,2016-01-27T17:05:03Z
grobid,kermitt2,https://github.com/kermitt2/grobid,4311,2012-09-13T15:48:54Z
LSPosed_mod,mywalkb,https://github.com/mywalkb/LSPosed_mod,4309,2022-03-28T08:05:38Z
BGARefreshLayout-Android,bingoogolapple,https://github.com/bingoogolapple/BGARefreshLayout-Android,4309,2015-05-28T16:17:00Z
crate,crate,https://github.com/crate/crate,4295,2013-04-10T09:17:16Z
dragonwell8,dragonwell-project,https://github.com/dragonwell-project/dragonwell8,4286,2019-03-07T02:57:45Z
OpenHub,ThirtyDegreesRay,https://github.com/ThirtyDegreesRay/OpenHub,4283,2017-07-11T13:29:51Z
guide-rpc-framework,Snailclimb,https://github.com/Snailclimb/guide-rpc-framework,4281,2020-05-10T13:24:42Z
android-volley,mcxiaoke,https://github.com/mcxiaoke/android-volley,4279,2013-05-21T05:35:26Z
java-learning,brianway,https://github.com/brianway/java-learning,4273,2016-02-09T05:20:58Z
failsafe,failsafe-lib,https://github.com/failsafe-lib/failsafe,4273,2015-06-30T00:56:39Z
InternetArchitect,bjmashibing,https://github.com/bjmashibing/InternetArchitect,4273,2019-10-19T16:32:01Z
CircleIndicator,ongakuer,https://github.com/ongakuer/CircleIndicator,4269,2014-07-30T14:02:56Z
coursera-android,aporter,https://github.com/aporter/coursera-android,4263,2014-01-05T09:55:31Z
android-autofittextview,grantland,https://github.com/grantland/android-autofittextview,4261,2011-02-14T06:00:52Z
jitsi,jitsi,https://github.com/jitsi/jitsi,4258,2013-04-24T17:37:20Z
novel-plus,201206030,https://github.com/201206030/novel-plus,4257,2020-05-02T07:15:43Z
open-location-code,google,https://github.com/google/open-location-code,4248,2014-09-30T18:26:35Z
camunda-bpm-platform,camunda,https://github.com/camunda/camunda-bpm-platform,4241,2013-01-03T10:10:31Z
zotfile,jlegewie,https://github.com/jlegewie/zotfile,4236,2011-12-30T14:47:42Z
java-developer-roadmap,s4kibs4mi,https://github.com/s4kibs4mi/java-developer-roadmap,4225,2019-04-23T06:42:13Z
spring-boot-starter,mybatis,https://github.com/mybatis/spring-boot-starter,4217,2015-09-25T13:05:15Z
ShineButton,ChadCSong,https://github.com/ChadCSong/ShineButton,4216,2016-07-05T06:32:26Z
javassist,jboss-javassist,https://github.com/jboss-javassist/javassist,4215,2013-05-24T08:31:32Z
dolby_beta,nining377,https://github.com/nining377/dolby_beta,4210,2020-05-19T12:13:36Z
malmo,microsoft,https://github.com/microsoft/malmo,4201,2016-05-17T14:58:40Z
streampark,apache,https://github.com/apache/streampark,4200,2019-05-27T05:56:03Z
FloatWindow,yhaolpz,https://github.com/yhaolpz/FloatWindow,4198,2017-11-14T14:33:55Z
CoordinatorTabLayout,hugeterry,https://github.com/hugeterry/CoordinatorTabLayout,4198,2017-01-27T13:40:28Z
tx-lcn,codingapi,https://github.com/codingapi/tx-lcn,4196,2017-11-11T03:34:34Z
powermock,powermock,https://github.com/powermock/powermock,4191,2014-05-28T07:53:53Z
JKeyboardPanelSwitch,Jacksgong,https://github.com/Jacksgong/JKeyboardPanelSwitch,4190,2015-07-01T17:42:01Z
maxwell,zendesk,https://github.com/zendesk/maxwell,4185,2015-02-09T22:06:13Z
BGABanner-Android,bingoogolapple,https://github.com/bingoogolapple/BGABanner-Android,4178,2014-10-25T17:15:18Z
aws-sdk-java,aws,https://github.com/aws/aws-sdk-java,4177,2010-03-22T23:34:58Z
supersonic,tencentmusic,https://github.com/tencentmusic/supersonic,4173,2023-06-12T07:23:28Z
campus-imaotai,oddfar,https://github.com/oddfar/campus-imaotai,4160,2023-07-07T10:37:13Z
fastjson2,alibaba,https://github.com/alibaba/fastjson2,4150,2022-04-17T04:27:24Z
AndroidWiFiADB,pedrovgs,https://github.com/pedrovgs/AndroidWiFiADB,4148,2015-10-18T21:58:45Z
hmily,dromara,https://github.com/dromara/hmily,4142,2017-09-28T06:29:01Z
geoserver,geoserver,https://github.com/geoserver/geoserver,4135,2011-11-10T19:56:06Z
AndroRAT,karma9874,https://github.com/karma9874/AndroRAT,4119,2020-03-22T09:31:28Z
LoadingDrawable,dinuscxj,https://github.com/dinuscxj/LoadingDrawable,4115,2016-04-16T07:33:57Z
Tangram-Android,alibaba,https://github.com/alibaba/Tangram-Android,4107,2017-03-29T13:29:57Z
SmartCropper,pqpo,https://github.com/pqpo/SmartCropper,4093,2017-08-03T11:08:41Z
ExpandableTextView,Manabu-GT,https://github.com/Manabu-GT/ExpandableTextView,4086,2014-05-17T19:40:15Z
chunjun,DTStack,https://github.com/DTStack/chunjun,4083,2018-04-03T12:44:58Z
tiny-spring,code4craft,https://github.com/code4craft/tiny-spring,4081,2014-01-10T16:37:57Z
bistoury,qunarcorp,https://github.com/qunarcorp/bistoury,4080,2019-08-01T07:54:25Z
ViewPagerCards,rubensousa,https://github.com/rubensousa/ViewPagerCards,4073,2016-08-20T15:24:12Z
jodd,oblac,https://github.com/oblac/jodd,4072,2012-09-07T20:26:48Z
CC,luckybilly,https://github.com/luckybilly/CC,4045,2017-11-23T16:26:33Z
so-novel,freeok,https://github.com/freeok/so-novel,4044,2022-05-23T15:49:36Z
greys-anatomy,oldmanpushcart,https://github.com/oldmanpushcart/greys-anatomy,4025,2012-11-21T19:39:35Z
jmonkeyengine,jMonkeyEngine,https://github.com/jMonkeyEngine/jmonkeyengine,4022,2014-03-20T22:29:28Z
XCL-Charts,xcltapestry,https://github.com/xcltapestry/XCL-Charts,4020,2014-06-09T15:44:50Z
jabref,JabRef,https://github.com/JabRef/jabref,4014,2014-03-11T14:48:42Z
Bolts-Android,BoltsFramework,https://github.com/BoltsFramework/Bolts-Android,4010,2014-01-30T04:58:14Z
TwinklingRefreshLayout,lcodecorex,https://github.com/lcodecorex/TwinklingRefreshLayout,4003,2016-03-02T12:11:56Z
OpenPDF,LibrePDF,https://github.com/LibrePDF/OpenPDF,4001,2016-07-11T15:50:34Z
XChange,knowm,https://github.com/knowm/XChange,4000,2012-02-02T10:48:28Z
Phoenix,Yalantis,https://github.com/Yalantis/Phoenix,3999,2015-01-12T14:11:20Z
jetty.project,jetty,https://github.com/jetty/jetty.project,3998,2011-07-14T01:11:57Z
effective-java-3e-source-code,jbloch,https://github.com/jbloch/effective-java-3e-source-code,3997,2018-08-03T20:48:35Z
FloatingActionButton,makovkastar,https://github.com/makovkastar/FloatingActionButton,3994,2014-07-22T13:29:55Z
BigImageViewer,Piasy,https://github.com/Piasy/BigImageViewer,3987,2016-11-06T09:55:02Z
bitcoin-wallet,bitcoin-wallet,https://github.com/bitcoin-wallet/bitcoin-wallet,3986,2012-03-31T17:06:47Z
hawk,orhanobut,https://github.com/orhanobut/hawk,3980,2015-02-19T22:25:23Z
tech-weekly,mercyblitz,https://github.com/mercyblitz/tech-weekly,3980,2018-12-03T03:10:52Z
BadgeView,qstumn,https://github.com/qstumn/BadgeView,3978,2017-02-08T02:01:39Z
pdfsam,torakiki,https://github.com/torakiki/pdfsam,3972,2013-09-24T11:06:13Z
lilishop,lilishop,https://github.com/lilishop/lilishop,3967,2021-05-14T01:28:51Z
ShedLock,lukas-krecan,https://github.com/lukas-krecan/ShedLock,3966,2016-12-11T13:53:59Z
LiveEventBus,JeremyLiao,https://github.com/JeremyLiao/LiveEventBus,3965,2018-07-11T07:36:59Z
awaitility,awaitility,https://github.com/awaitility/awaitility,3960,2010-01-22T15:12:52Z
ripme,RipMeApp,https://github.com/RipMeApp/ripme,3959,2017-01-06T17:12:09Z
interviewGuide,NotFound9,https://github.com/NotFound9/interviewGuide,3959,2016-04-20T07:17:09Z
syncthing-android,syncthing,https://github.com/syncthing/syncthing-android,3958,2014-02-22T17:15:19Z
RichText,zzhoujay,https://github.com/zzhoujay/RichText,3957,2015-07-21T09:36:01Z
XposedInstaller,rovo89,https://github.com/rovo89/XposedInstaller,3957,2012-04-02T20:33:05Z
Leetcode,fishercoder1534,https://github.com/fishercoder1534/Leetcode,3956,2016-07-31T05:28:15Z
GuideView,binIoter,https://github.com/binIoter/GuideView,3953,2016-06-19T08:52:25Z
mlkit,googlesamples,https://github.com/googlesamples/mlkit,3947,2020-05-28T21:40:38Z
java-tron,tronprotocol,https://github.com/tronprotocol/java-tron,3946,2017-12-26T10:20:38Z
android-iconify,JoanZapata,https://github.com/JoanZapata/android-iconify,3943,2013-06-12T11:42:01Z
mcaselector,Querz,https://github.com/Querz/mcaselector,3939,2018-04-22T22:23:26Z
DataMiningAlgorithm,linyiqun,https://github.com/linyiqun/DataMiningAlgorithm,3928,2015-01-11T02:50:28Z
RxJavaSamples,rengwuxian,https://github.com/rengwuxian/RxJavaSamples,3927,2016-03-24T13:08:10Z
screw,pingfangushi,https://github.com/pingfangushi/screw,3922,2020-06-21T11:37:06Z
TinyPinyin,promeG,https://github.com/promeG/TinyPinyin,3916,2015-09-30T03:24:50Z
cyberduck,iterate-ch,https://github.com/iterate-ch/cyberduck,3913,2017-01-20T14:16:34Z
FlatLaf,JFormDesigner,https://github.com/JFormDesigner/FlatLaf,3910,2019-08-19T10:27:05Z
Conductor,bluelinelabs,https://github.com/bluelinelabs/Conductor,3908,2016-03-16T18:42:41Z
leetcode-editor,shuzijun,https://github.com/shuzijun/leetcode-editor,3897,2019-03-19T16:32:17Z
HyperCeiler,ReChronoRain,https://github.com/ReChronoRain/HyperCeiler,3897,2023-10-27T17:17:42Z
sofa-rpc,sofastack,https://github.com/sofastack/sofa-rpc,3895,2018-04-09T03:32:04Z
learning-spark,databricks,https://github.com/databricks/learning-spark,3893,2014-06-16T04:47:54Z
jstorm,alibaba,https://github.com/alibaba/jstorm,3891,2013-09-03T03:53:16Z
BackgroundLibrary,JavaNoober,https://github.com/JavaNoober/BackgroundLibrary,3891,2018-09-09T08:52:45Z
xboot,Exrick,https://github.com/Exrick/xboot,3888,2018-04-23T14:44:18Z
Launcher3,amirzaidi,https://github.com/amirzaidi/Launcher3,3887,2017-05-30T12:53:32Z
IDDD_Samples,VaughnVernon,https://github.com/VaughnVernon/IDDD_Samples,3886,2013-04-08T22:12:57Z
Timeline-View,vipulasri,https://github.com/vipulasri/Timeline-View,3885,2015-12-15T14:55:04Z
FairEmail,M66B,https://github.com/M66B/FairEmail,3870,2018-08-02T13:30:25Z
DSBridge-Android,wendux,https://github.com/wendux/DSBridge-Android,3856,2017-01-02T11:58:53Z
NullAway,uber,https://github.com/uber/NullAway,3846,2017-09-01T17:35:57Z
java,kubernetes-client,https://github.com/kubernetes-client/java,3831,2017-05-08T21:52:58Z
ahbottomnavigation,aurelhubert,https://github.com/aurelhubert/ahbottomnavigation,3829,2016-03-17T12:17:56Z
MaterialSearchView,MiguelCatalan,https://github.com/MiguelCatalan/MaterialSearchView,3825,2015-09-14T17:13:46Z
bundletool,google,https://github.com/google/bundletool,3823,2018-05-04T07:24:09Z
react-native-share,react-native-share,https://github.com/react-native-share/react-native-share,3820,2015-09-30T02:27:34Z
AndServer,yanzhenjie,https://github.com/yanzhenjie/AndServer,3819,2016-06-14T00:52:52Z
CircleProgress,uknownothingsnow,https://github.com/uknownothingsnow/CircleProgress,3814,2014-10-30T16:14:42Z
My-Blog,ZHENFENG13,https://github.com/ZHENFENG13/My-Blog,3813,2019-03-04T09:17:00Z
jshERP,jishenghua,https://github.com/jishenghua/jshERP,3806,2016-09-20T04:51:39Z
HeliBoard,Helium314,https://github.com/Helium314/HeliBoard,3801,2022-03-09T08:38:32Z
BlurView,Dimezis,https://github.com/Dimezis/BlurView,3797,2016-04-21T16:00:07Z
camunda,camunda,https://github.com/camunda/camunda,3796,2016-03-20T03:38:04Z
HaE,gh0stkey,https://github.com/gh0stkey/HaE,3794,2020-03-24T10:12:50Z
shopizer,shopizer-ecommerce,https://github.com/shopizer-ecommerce/shopizer,3794,2012-11-21T03:42:39Z
MarqueeView,sunfusheng,https://github.com/sunfusheng/MarqueeView,3792,2016-06-01T06:50:46Z
fernflower,fesh0r,https://github.com/fesh0r/fernflower,3783,2014-10-03T05:00:15Z
mpush,mpusher,https://github.com/mpusher/mpush,3780,2016-04-28T01:43:19Z
ruoyi-ai,ageerle,https://github.com/ageerle/ruoyi-ai,3777,2024-01-16T04:16:41Z
pixel-dungeon,watabou,https://github.com/watabou/pixel-dungeon,3776,2014-07-26T17:34:32Z
SwipeDelMenuLayout,mcxtzhang,https://github.com/mcxtzhang/SwipeDelMenuLayout,3774,2016-08-25T08:10:45Z
SuperTextView,lygttpod,https://github.com/lygttpod/SuperTextView,3773,2016-10-19T04:06:54Z
blurkit-android,CameraKit,https://github.com/CameraKit/blurkit-android,3767,2016-11-06T03:14:58Z
Terasology,MovingBlocks,https://github.com/MovingBlocks/Terasology,3757,2011-03-04T03:49:19Z
CustomActivityOnCrash,Ereza,https://github.com/Ereza/CustomActivityOnCrash,3753,2014-07-04T19:46:21Z
roboguice,roboguice,https://github.com/roboguice/roboguice,3752,2012-08-12T20:37:19Z
sticky-headers-recyclerview,timehop,https://github.com/timehop/sticky-headers-recyclerview,3750,2014-10-03T01:57:46Z
kylin,apache,https://github.com/apache/kylin,3748,2015-01-03T08:00:05Z
BannerViewPager,zhpanvip,https://github.com/zhpanvip/BannerViewPager,3748,2017-03-28T09:11:11Z
signal-cli,AsamK,https://github.com/AsamK/signal-cli,3744,2015-05-11T10:49:42Z
sofa-jraft,sofastack,https://github.com/sofastack/sofa-jraft,3744,2019-03-04T10:13:43Z
andOTP,andOTP,https://github.com/andOTP/andOTP,3741,2017-07-05T11:39:52Z
RoaringBitmap,RoaringBitmap,https://github.com/RoaringBitmap/RoaringBitmap,3738,2013-06-17T20:29:23Z
spotbugs,spotbugs,https://github.com/spotbugs/spotbugs,3732,2016-11-04T22:18:08Z
JCTools,JCTools,https://github.com/JCTools/JCTools,3729,2013-11-10T18:04:40Z
Skeleton,ethanhua,https://github.com/ethanhua/Skeleton,3725,2017-07-30T06:42:39Z
atmosphere,Atmosphere,https://github.com/Atmosphere/atmosphere,3720,2010-06-30T14:26:23Z
spruce-android,willowtreeapps,https://github.com/willowtreeapps/spruce-android,3718,2017-02-23T20:34:18Z
ChatKit,stfalcon-studio,https://github.com/stfalcon-studio/ChatKit,3716,2017-02-02T09:37:15Z
ByteLegend,ByteLegend,https://github.com/ByteLegend/ByteLegend,3715,2021-02-01T10:11:30Z
StylishMusicPlayer,ryanhoo,https://github.com/ryanhoo/StylishMusicPlayer,3707,2016-09-13T14:38:32Z
Play-with-Algorithms,liuyubobobo,https://github.com/liuyubobobo/Play-with-Algorithms,3707,2016-07-05T18:16:22Z
NoHttp,yanzhenjie,https://github.com/yanzhenjie/NoHttp,3703,2015-07-29T06:11:12Z
learning-note,rbmonster,https://github.com/rbmonster/learning-note,3702,2020-06-15T16:47:25Z
undertow,undertow-io,https://github.com/undertow-io/undertow,3693,2012-07-19T00:52:44Z
BilibiliDown,nICEnnnnnnnLee,https://github.com/nICEnnnnnnnLee/BilibiliDown,3693,2019-01-23T06:56:46Z
SurveyKing,javahuang,https://github.com/javahuang/SurveyKing,3691,2021-09-06T13:34:14Z
tablesaw,jtablesaw,https://github.com/jtablesaw/tablesaw,3690,2016-01-01T14:58:28Z
Create,Creators-of-Create,https://github.com/Creators-of-Create/Create,3682,2019-07-18T08:27:10Z
ShadowLayout,lihangleo2,https://github.com/lihangleo2/ShadowLayout,3678,2019-07-09T07:17:06Z
helidon,helidon-io,https://github.com/helidon-io/helidon,3676,2018-08-27T11:03:52Z
ASimpleCache,yangfuhai,https://github.com/yangfuhai/ASimpleCache,3675,2013-07-28T13:50:59Z
light-4j,networknt,https://github.com/networknt/light-4j,3672,2016-09-09T22:28:14Z
groupie,lisawray,https://github.com/lisawray/groupie,3672,2016-09-01T20:59:35Z
yacy_search_server,yacy,https://github.com/yacy/yacy_search_server,3671,2015-03-22T12:54:20Z
Android-BluetoothKit,dingjikerbo,https://github.com/dingjikerbo/Android-BluetoothKit,3671,2015-10-08T09:07:33Z
grpc-spring,grpc-ecosystem,https://github.com/grpc-ecosystem/grpc-spring,3670,2016-12-30T09:06:15Z
rejoiner,google,https://github.com/google/rejoiner,3670,2017-12-06T19:09:53Z
Linkage-RecyclerView,KunMinX,https://github.com/KunMinX/Linkage-RecyclerView,3667,2019-04-22T04:39:46Z
databus,linkedin,https://github.com/linkedin/databus,3667,2012-12-17T17:49:17Z
JavaSourceCodeLearning,coderbruis,https://github.com/coderbruis/JavaSourceCodeLearning,3665,2020-06-02T13:34:20Z
akhq,tchiotludo,https://github.com/tchiotludo/akhq,3652,2018-09-09T19:35:39Z
chatgpt-java,PlexPt,https://github.com/PlexPt/chatgpt-java,3645,2022-12-07T04:55:33Z
android-common,litesuits,https://github.com/litesuits/android-common,3641,2014-05-29T08:08:00Z
ftgo-application,microservices-patterns,https://github.com/microservices-patterns/ftgo-application,3626,2017-10-23T04:30:04Z
incubator-heron,apache,https://github.com/apache/incubator-heron,3621,2015-09-25T16:09:24Z
NewbieGuide,huburt-Hu,https://github.com/huburt-Hu/NewbieGuide,3621,2017-07-28T06:54:05Z
jackson-databind,FasterXML,https://github.com/FasterXML/jackson-databind,3620,2011-12-23T07:17:41Z
blossom,blossom-editor,https://github.com/blossom-editor/blossom,3613,2023-08-07T03:02:17Z
emojicon,rockerhieu,https://github.com/rockerhieu/emojicon,3613,2014-01-18T12:32:38Z
uncle-novel,uncle-novel,https://github.com/uncle-novel/uncle-novel,3609,2018-12-11T12:15:30Z
Alink,alibaba,https://github.com/alibaba/Alink,3609,2018-09-30T06:36:11Z
spock,spockframework,https://github.com/spockframework/spock,3608,2010-12-12T19:02:34Z
brigadier,Mojang,https://github.com/Mojang/brigadier,3599,2014-09-15T08:48:24Z
initializr,spring-io,https://github.com/spring-io/initializr,3596,2013-06-07T16:02:22Z
ExplosionField,tyrantgit,https://github.com/tyrantgit/ExplosionField,3593,2015-09-23T11:34:50Z
android-stackblur,kikoso,https://github.com/kikoso/android-stackblur,3592,2013-08-15T14:44:32Z
marshalsec,mbechler,https://github.com/mbechler/marshalsec,3591,2017-05-22T11:43:57Z
data-transfer-project,dtinit,https://github.com/dtinit/data-transfer-project,3590,2018-01-04T21:27:57Z
DropDownMenu,dongjunkun,https://github.com/dongjunkun/DropDownMenu,3582,2015-06-23T07:43:56Z
vertx-examples,vert-x3,https://github.com/vert-x3/vertx-examples,3582,2015-02-24T17:42:44Z
AppUpdate,WVector,https://github.com/WVector/AppUpdate,3578,2017-06-19T09:38:42Z
Android,hmkcode,https://github.com/hmkcode/Android,3577,2013-09-02T16:12:28Z
android-maps-utils,googlemaps,https://github.com/googlemaps/android-maps-utils,3575,2013-05-17T00:08:48Z
Chronicle-Queue,OpenHFT,https://github.com/OpenHFT/Chronicle-Queue,3572,2013-06-02T15:11:33Z
ThreeTenABP,JakeWharton,https://github.com/JakeWharton/ThreeTenABP,3571,2015-07-03T17:35:09Z
Iris,IrisShaders,https://github.com/IrisShaders/Iris,3571,2020-10-22T20:21:12Z
FlexibleAdapter,davideas,https://github.com/davideas/FlexibleAdapter,3570,2015-05-02T22:00:43Z
kubernetes-client,fabric8io,https://github.com/fabric8io/kubernetes-client,3564,2015-07-09T15:43:13Z
netty-learning,code4craft,https://github.com/code4craft/netty-learning,3559,2013-09-19T02:24:25Z
hackpad,dropbox,https://github.com/dropbox/hackpad,3556,2015-08-14T02:32:17Z
dinky,DataLinkDC,https://github.com/DataLinkDC/dinky,3556,2021-06-09T07:11:26Z
MagicaSakura,bilibili,https://github.com/bilibili/MagicaSakura,3553,2016-06-23T07:54:59Z
parceler,johncarl81,https://github.com/johncarl81/parceler,3544,2013-07-03T02:53:01Z
springdoc-openapi,springdoc,https://github.com/springdoc/springdoc-openapi,3538,2019-07-11T23:08:20Z
libstreaming,fyhertz,https://github.com/fyhertz/libstreaming,3535,2013-01-30T21:24:47Z
floatingsearchview,arimorty,https://github.com/arimorty/floatingsearchview,3535,2015-11-22T02:38:32Z
android-hidden-api,anggrayudi,https://github.com/anggrayudi/android-hidden-api,3534,2015-09-16T11:58:33Z
MyPerf4J,LinShunKang,https://github.com/LinShunKang/MyPerf4J,3534,2018-03-11T09:58:44Z
Java,HelloWorld521,https://github.com/HelloWorld521/Java,3533,2016-12-08T14:01:46Z
retrolambda,luontola,https://github.com/luontola/retrolambda,3530,2013-07-20T07:25:22Z
Music-Player,andremion,https://github.com/andremion/Music-Player,3522,2016-05-06T21:55:37Z
spring-cloud-kubernetes,spring-cloud,https://github.com/spring-cloud/spring-cloud-kubernetes,3521,2016-12-13T21:36:25Z
logging-log4j2,apache,https://github.com/apache/logging-log4j2,3521,2013-06-12T07:00:19Z
RxAndroidBle,dariuszseweryn,https://github.com/dariuszseweryn/RxAndroidBle,3516,2016-02-04T13:42:02Z
maestro,Netflix,https://github.com/Netflix/maestro,3517,2024-04-17T01:15:56Z
immutables,immutables,https://github.com/immutables/immutables,3516,2013-07-07T13:48:23Z
RecyclerViewPager,lsjwzh,https://github.com/lsjwzh/RecyclerViewPager,3515,2015-01-17T18:30:34Z
smart-admin,1024-lab,https://github.com/1024-lab/smart-admin,3511,2019-11-16T02:30:31Z
Store,nytimes,https://github.com/nytimes/Store,3511,2016-11-29T20:17:11Z
GeekNews,codeestX,https://github.com/codeestX/GeekNews,3506,2016-08-07T14:56:56Z
android,cSploit,https://github.com/cSploit/android,3503,2014-10-04T05:53:29Z
SwipeMenuListView,baoyongzhang,https://github.com/baoyongzhang/SwipeMenuListView,3503,2014-08-24T15:40:45Z
JavaEETest,lenve,https://github.com/lenve/JavaEETest,3497,2016-12-13T02:13:58Z
liteflow,dromara,https://github.com/dromara/liteflow,3495,2020-03-25T16:49:22Z
LoadSir,KingJA,https://github.com/KingJA/LoadSir,3491,2017-09-02T08:32:15Z
ArchUnit,TNG,https://github.com/TNG/ArchUnit,3490,2017-04-21T08:39:20Z
AxonFramework,AxonFramework,https://github.com/AxonFramework/AxonFramework,3489,2011-12-02T16:04:42Z
BottomNavigationViewEx,ittianyu,https://github.com/ittianyu/BottomNavigationViewEx,3476,2016-11-12T08:39:38Z
migration,phodal,https://github.com/phodal/migration,3464,2020-01-08T02:11:38Z
PreviewSeekBar,rubensousa,https://github.com/rubensousa/PreviewSeekBar,3461,2017-01-24T23:52:44Z
QNotified,ferredoxin,https://github.com/ferredoxin/QNotified,3459,2019-03-24T05:12:41Z
chatgpt-java,Grt1228,https://github.com/Grt1228/chatgpt-java,3459,2023-02-11T08:54:54Z
openj9,eclipse-openj9,https://github.com/eclipse-openj9/openj9,3459,2017-08-25T13:46:07Z
Sui,RikkaApps,https://github.com/RikkaApps/Sui,3459,2021-01-03T08:26:16Z
concurrency-limits,Netflix,https://github.com/Netflix/concurrency-limits,3456,2017-12-11T19:32:41Z
Android-Week-View,alamkanak,https://github.com/alamkanak/Android-Week-View,3449,2014-09-17T10:07:12Z
freeplane,freeplane,https://github.com/freeplane/freeplane,3445,2012-09-13T08:55:51Z
SSM,crossoverJie,https://github.com/crossoverJie/SSM,3441,2016-06-21T10:09:02Z
fory,apache,https://github.com/apache/fory,3439,2023-04-28T03:57:00Z
sndcpy,rom1v,https://github.com/rom1v/sndcpy,3436,2020-06-09T19:36:57Z
AlgoDS,sherxon,https://github.com/sherxon/AlgoDS,3433,2016-12-16T17:01:22Z
giffun,guolindev,https://github.com/guolindev/giffun,3431,2019-01-28T05:11:00Z
my-site,WinterChenS,https://github.com/WinterChenS/my-site,3427,2018-05-03T09:05:37Z
SeeWeather,xcc3641,https://github.com/xcc3641/SeeWeather,3426,2016-02-20T13:10:14Z
LQRWeChat,GitLqr,https://github.com/GitLqr/LQRWeChat,3421,2017-02-07T06:32:40Z
BubbleSeekBar,woxingxiao,https://github.com/woxingxiao/BubbleSeekBar,3419,2016-11-03T14:31:05Z
Toaster,getActivity,https://github.com/getActivity/Toaster,3415,2018-09-16T05:28:57Z
incubator-kie-optaplanner,apache,https://github.com/apache/incubator-kie-optaplanner,3414,2011-02-15T19:38:23Z
volley,google,https://github.com/google/volley,3414,2017-01-24T17:39:33Z
